"","sp_code","elevation","season","plant_group","species","shape_upd","symmetry","flower_pos","anther_pos","odour","brightness","colour","nectar_guides","size","tube_length","volume","concentration","sugar_amount","glucose","fructose","saccharose","d","shape_upd_num","symmetry_num","flower_pos_num","anther_pos_num","odour_num","brightness_num","nectar_guides_num","R","G","B","brown","green","orange","pink","purple","red","white","yellow"
"ACASTR_650_DRY","ACASTR",650,"DRY","Herb","Streptocarpus strigosus","Tube","Actinomorphic","All","Hidden","Weak-No","Vivid","Purple","Present",1.18438461538462,1.68284615384615,1.43092105263158,4.5625,0.0609791699561404,0.0374314812782835,0.0327422839560267,0.92982623476569,0.143187447309309,0,0,0,0,0,1,1,160,32,240,0,0,0,0,1,0,0,0
"AFRSPP_650_DRY","AFRSPP",650,"DRY","Herb","Aframomum sp purple","Trumpet","Zygomorphic","Upright","Hidden","Weak-No","Vivid","Purple","Present",5.1243125,4.5085,9.54098945279866,15.355,2.29074008501316,0.349860404124969,0.31056638197741,0.33957321389762,0.343675691883751,0,1,0.5,0,0,1,1,160,32,240,0,0,0,0,1,0,0,0
"BEGAMP_650_DRY","BEGAMP",650,"DRY","Epiphyte","Begonia ampla","Open","Zygomorphic","Horizontal","Exposed","Weak-No","Vivid","White","Present",2.622625,0,NA,NA,0.00030625,NA,NA,NA,0.132928721387425,1,1,1,1,0,1,1,255,255,255,0,0,0,0,0,0,1,0
"BEGFUS_650_DRY","BEGFUS",650,"DRY","Herb","Begonia fusialata","Open","Zygomorphic","Horizontal","Exposed","Weak-No","Drab","White","Present",0.9329,0,NA,NA,0.00491923076923077,0.411347517730496,0.574468085106383,0.0141843971631206,0.133520045781544,1,1,1,1,0,0,1,255,255,255,0,0,0,0,0,0,1,0
"BEGLET_650_DRY","BEGLET",650,"DRY","Herb","Begonia letouzeyi","Open","Zygomorphic","Horizontal","Exposed","Weak-No","Vivid","Yellow","Present",2.0845,0,NA,NA,0.00418839285714286,0.175324675324675,0.142857142857143,0.681818181818182,0.132158625548184,1,1,1,1,0,1,1,255,255,0,0,0,0,0,0,0,0,1
"BEGMAN_650_DRY","BEGMAN",650,"DRY","Herb","Begonia mannii","Open","Zygomorphic","All","Exposed","Weak-No","Vivid","Red","Absent",1.5245,0,NA,NA,0.00459615384615385,0.471349795801069,0.523061968904813,0.00558823529411765,0.208903123586523,1,1,0,1,0,1,0,255,0,0,0,0,0,0,0,1,0,0
"BEGSCU_650_DRY","BEGSCU",650,"DRY","Herb","Begonia scutifolia","Open","Zygomorphic","Horizontal","Exposed","Weak-No","Vivid","Yellow","Present",1.16942857142857,0,NA,NA,0.00896923076923077,0.277946668982889,0.205105098584209,0.516948232432902,0.29627310384074,1,1,1,1,0,1,1,255,255,0,0,0,0,0,0,0,0,1
"CALACU_650_DRY","CALACU",650,"DRY","Climber","Calochone acuminata","Trumpet","Actinomorphic","Horizontal","Partially exposed","Weak-No","Vivid","Orange","Present",7.74,4.2888,39.25,20.75,8.74274341125,0.132013058297268,0.657499345839299,0.210487595863433,0.148513739857149,0,0,1,0.5,0,1,1,255,165,0,0,0,1,0,0,0,0,0
"CAMFLA_650_DRY","CAMFLA",650,"DRY","Shrub","Gomphia flava","Stellate","Actinomorphic","All","Exposed","Weak-No","Vivid","Yellow","Absent",2.0406,0,NA,NA,0.00419479166666667,0.543863593463593,0.430188546988547,0.0259478595478596,0.120532024486087,1,0,0,1,0,1,0,255,255,0,0,0,0,0,0,0,0,1
"CAMMAN_650_DRY","CAMMAN",650,"DRY","Shrub","Gomphia mannii","Dish","Actinomorphic","Horizontal","Exposed","Weak-No","Drab","Yellow","Present",1.6892,0,NA,NA,0.00535,0.509259259259259,0.453703703703704,0.037037037037037,0.14576994191215,1,0,1,1,0,0,1,255,255,0,0,0,0,0,0,0,0,1
"CHLCOM_650_DRY","CHLCOM",650,"DRY","Herb","Chlorophytum comosum","Stellate","Actinomorphic","All","Exposed","Weak-No","Drab","White","Absent",0.6308,0,NA,NA,0.0146571428571429,0.494618040958154,0.503431237106125,0.00195072193572185,0.11303541445736,1,0,0,1,0,0,0,255,255,255,0,0,0,0,0,0,1,0
"COLCAU_650_DRY","COLCAU",650,"DRY","Shrub","Cola cauliflora","Dish","Actinomorphic","All","Exposed","Weak-No","Drab","Red","Present",1.0018,0,NA,NA,0.0559041666666667,0.205936658382989,0.764599995668591,0.02946334594842,0.599293170545542,1,0,0,1,0,0,1,255,0,0,0,0,0,0,0,1,0,0
"CULMAN_650_DRY","CULMAN",650,"DRY","Herb","Culcasia mannii","Open","Actinomorphic","Horizontal","Exposed","Weak-No","Drab","White","Absent",0.3088,0,NA,NA,0.00629230769230769,0.331911333228278,0.552833494668438,0.115255172103284,0.188218400153028,1,0,1,1,0,0,0,255,255,255,0,0,0,0,0,0,1,0
"CUVLON_650_DRY","CUVLON",650,"DRY","Tree","Cuviera longiflora","Stellate","Actinomorphic","Upright","Exposed","Strong ","Vivid","Green","Present",4.147,0.6646,NA,NA,1.62733333333333,0.195215460582996,0.29435915369932,0.510425385717684,0.218840976177504,1,0,0.5,1,0,1,1,0,255,0,0,1,0,0,0,0,0,0
"DEISP1_650_DRY","DEISP1",650,"DRY","Shrub","Deinbollia sp 1","Urceolate","Actinomorphic","All","Exposed","Weak-No","Drab","Green","Absent",0.2886,0,NA,NA,0.164492888888889,0.163789552795448,0.175461228151133,0.660749219053419,0.43090567080347,0,0,0,1,0,0,0,0,255,0,0,1,0,0,0,0,0,0
"DIOSP1_650_DRY","DIOSP1",650,"DRY","Tree","Diospyros preussii","Open","Actinomorphic","All","Exposed","Weak-No","Vivid","White","Absent",1.6096,0.28,18,20.5,0.272492216666667,0.467987045917738,0.434064109374174,0.0979488447080873,0.0703036210981299,1,0,0,1,0,1,0,255,255,255,0,0,0,0,0,0,1,0
"DIOZEN_650_DRY","DIOZEN",650,"DRY","Tree","Diogoa zenkeri","Open","Actinomorphic","All","Exposed","Weak-No","Drab","Yellow","Absent",0.683,0,NA,NA,NA,NA,NA,NA,0.392905447869742,1,0,0,1,0,0,0,255,255,0,0,0,0,0,0,0,0,1
"DISSP1_650_DRY","DISSP1",650,"DRY","Herb","Dischistocalyx sp 1","Tube","Actinomorphic","Upright","Hidden","Weak-No","Vivid","Purple","Present",1.9894,2.4218,4.77974828375286,15.2434782608696,0.655031683312247,0.305426788066689,0.180396514683555,0.514176697249756,0.0552224493669481,0,0,0.5,0,0,1,1,160,32,240,0,0,0,0,1,0,0,0
"DORMAN_650_DRY","DORMAN",650,"DRY","Herb","Dorstenia mannii","Open","Actinomorphic","Horizontal","Exposed","Weak-No","Drab","Green","Absent",5.5531,0,NA,NA,0.000325624432822842,0.507952419139268,0.472667735899492,0.0193798449612403,0.266359670196261,1,0,1,1,0,0,0,0,255,0,0,1,0,0,0,0,0,0
"GLOLON_650_DRY","GLOLON",650,"DRY","Tree","Glossocalyx longicuspis","Open","Zygomorphic","Pendant","Hidden","Strong ","Drab","White","Absent",2.2665,0.5325,NA,NA,NA,NA,NA,NA,0.266359670196261,1,1,0,0,0,0,0,255,255,255,0,0,0,0,0,0,1,0
"HECSTA_650_DRY","HECSTA",650,"DRY","Shrub","Heckeldora staudtii","Dish","Actinomorphic","Upright","Exposed","Weak-No","Vivid","Pink","Absent",0.8628,0.5196,NA,NA,0.04775625,0.119288470604403,0.209567622511747,0.671143906883851,0.727030288923264,1,0,0.5,1,0,1,0,255,192,203,0,0,0,1,0,0,0,0
"HEICRI_650_DRY","HEICRI",650,"DRY","Tree","Heinsia crinita","Salverform","Actinomorphic","All","Exposed","Strong ","Vivid","White","Present",6.01328571428571,2.52442857142857,1.85507557894737,21.3,0.18122864160265,0.17291402658126,0.358954602040469,0.468131371378271,0.279430663301034,0,0,0,1,0,1,1,255,255,255,0,0,0,0,0,0,1,0
"IMPMAC_650_DRY","IMPMAC",650,"DRY","Herb","Impatiens macroptera","Gullet","Zygomorphic","Horizontal","Exposed","Weak-No","Vivid","Pink","Absent",2.6141,1.4807,3.09817077415762,22.8096153846154,0.754631156051416,0.0689023769761184,0.0490237665870517,0.88207385643683,0.101949042784418,0,1,1,1,0,1,0,255,192,203,0,0,0,1,0,0,0,0
"IMPNIA_650_DRY","IMPNIA",650,"DRY","Epiphyte","Impatiens niamniamensis","Gullet","Zygomorphic","Horizontal","Exposed","Weak-No","Vivid","Red","Absent",2.0146,2.1059,9.75907029478458,15.9861111111111,1.74866011202379,0.0879124630119193,0.0916280907336737,0.820459446254407,0.433911574611866,0,1,1,1,0,1,0,255,0,0,0,0,0,0,0,1,0,0
"IXOGUI_650_DRY","IXOGUI",650,"DRY","Shrub","Ixora guineensis","Salverform","Actinomorphic","All","Exposed","Strong ","Vivid","White","Absent",1.4318,1.3668,0.556555863342567,10.0375,0.0478230425801809,0.0969296585719886,0.134781489525975,0.768288851902036,0.156203867484159,0,0,0,1,0,1,0,255,255,255,0,0,0,0,0,0,1,0
"LACFER_650_DRY","LACFER",650,"DRY","Shrub","Laccodiscus ferrugineus","Urceolate","Actinomorphic","All","Exposed","Weak-No","Drab","White","Absent",0.4436,0,NA,NA,0.123381578947368,0.235102344100022,0.297096316812559,0.46780133908742,0.158820889600094,0,0,0,1,0,0,0,255,255,255,0,0,0,0,0,0,1,0
"MARINS_650_DRY","MARINS",650,"DRY","Shrub","Chazaliella insidens ","Salverform","Actinomorphic","Upright","Hidden","Weak-No","Vivid","Yellow","Absent",0.485,0.5225,NA,NA,NA,NA,NA,NA,0.143813791894237,0,0,0.5,0,0,1,0,255,255,0,0,0,0,0,0,0,0,1
"MASACU_650_DRY","MASACU",650,"DRY","Tree","Massularia acuminata","Trumpet","Actinomorphic","Pendant","Exposed","Weak-No","Vivid","Red","Present",2.104,0.859,3.7280701754386,13.4,0.322697180263158,0.222414978194725,0.0158595547923514,0.761725467012924,0.0703036210981299,0,0,0,1,0,1,1,255,0,0,0,0,0,0,0,1,0,0
"MELSCA_650_DRY","MELSCA",650,"DRY","Climber","Melanthera scandens","Tube","Actinomorphic","Upright","Exposed","Weak-No","Vivid","Orange","Absent",0.168,0.2417,NA,NA,0.00290481720525581,0.307619246814574,0.252389304213561,0.439991448971866,0.157396707684813,0,0,0.5,1,0,1,0,255,165,0,0,0,1,0,0,0,0,0
"NEPPOI_650_DRY","NEPPOI",650,"DRY","Herb","Nephthytis poissonii","Open","Actinomorphic","Horizontal","Exposed","Weak-No","Drab","White","Absent",0.17525,0,NA,NA,0.00243076923076923,NA,NA,NA,0.107041130960436,1,0,1,1,0,0,0,255,255,255,0,0,0,0,0,0,1,0
"ONCDEN_650_DRY","ONCDEN",650,"DRY","Shrub","Oncoba dentata","Open","Actinomorphic","All","Exposed","Strong ","Vivid","White","Absent",1.952,0,NA,NA,0.00466153846153846,0.445376699324068,0.530430875167717,0.024192425508215,0.579215514936935,1,0,0,1,0,1,0,255,255,255,0,0,0,0,0,0,1,0
"ONCMAN_650_DRY","ONCMAN",650,"DRY","Tree","Oncoba mannii","Open","Actinomorphic","Upright","Exposed","Strong ","Vivid","White","Absent",4.728,0,NA,NA,NA,NA,NA,NA,0.722651001843039,1,0,0.5,1,0,1,0,255,255,255,0,0,0,0,0,0,1,0
"PALBAR_650_DRY","PALBAR",650,"DRY","Herb","Palisota barteri","Open","Actinomorphic","Horizontal","Exposed","Weak-No","Drab","White","Absent",0.912285714285714,0,NA,NA,0.000891265154598488,0.290983606557377,0.245901639344262,0.463114754098361,0.259076777369443,1,0,1,1,0,0,0,255,255,255,0,0,0,0,0,0,1,0
"PARZEN_650_DRY","PARZEN",650,"DRY","Climber","Pararistolochia zenkeri","Trumpet","Actinomorphic","Horizontal","Hidden","Weak-No","Drab","Brown","Absent",5.1534,5.1604,NA,NA,0.0300925925925926,0.357854029908019,0.605812381414957,0.0363335886770245,0.456504930795973,0,0,1,0,0,0,0,165,42,42,1,0,0,0,0,0,0,0
"PAVNEU_650_DRY","PAVNEU",650,"DRY","Shrub","Pavetta neurocarpa","Salverform","Actinomorphic","Upright","Exposed","Strong ","Vivid","White","Absent",2.3064,0.8162,0.769348967657238,23.6785714285714,0.185071148787455,0.235478733760999,0.184460342864213,0.580060923374788,0.230614293772997,0,0,0.5,1,0,1,0,255,255,255,0,0,0,0,0,0,1,0
"PAVRIG_650_DRY","PAVRIG",650,"DRY","Shrub","Pavetta rigida","Salverform","Actinomorphic","Upright","Exposed","Weak-No","Vivid","White","Absent",2.5618,1.6306,4.47714681440443,12.3578947368421,0.562755545934326,0.268331560579496,0.280015291617567,0.451653147802938,0.239111695152442,0,0,0.5,1,0,1,0,255,255,255,0,0,0,0,0,0,1,0
"PREKAM_650_DRY","PREKAM",650,"DRY","Epiphyte","Preussiella kamerunensis","Dish","Actinomorphic","Upright","Partially exposed","Weak-No","Vivid","Pink","Absent",2.02314285714286,0,2.76315789473684,23,0.280846554111842,NA,NA,NA,0.429361435522791,1,0,0.5,0.5,0,1,0,255,192,203,0,0,0,1,0,0,0,0
"PSYBIF_650_DRY","PSYBIF",650,"DRY","Shrub","Psychotria bifaria","Bell","Actinomorphic","Upright","Exposed","Weak-No","Drab","White","Absent",0.4438,0.3884,NA,NA,0.0372983333333333,0.387938404051158,0.3925706639293,0.219490932019543,0.29968567873047,0,0,0.5,1,0,0,0,255,255,255,0,0,0,0,0,0,1,0
"PSYMAN_650_DRY","PSYMAN",650,"DRY","Shrub","Psychotria mannii","Bell","Actinomorphic","Upright","Partially exposed","Weak-No","Drab","White","Absent",0.3136,0.1342,NA,NA,0.115757638888889,0.378625567094326,0.350727030272634,0.27064740263304,0.108575588095836,0,0,0.5,0.5,0,0,0,255,255,255,0,0,0,0,0,0,1,0
"SABCAL_650_DRY","SABCAL",650,"DRY","Climber","Sabicea calycina","Tube","Actinomorphic","All","Partially exposed","Weak-No","Vivid","White","Present",0.6708,1.59933333333333,1.3886769005848,22.8071428571429,0.304224161677906,0.129678006581949,0.0986575429037125,0.771664450514339,0.145630384587313,0,0,0,0.5,0,1,1,255,255,255,0,0,0,0,0,0,1,0
"SABPIL_650_DRY","SABPIL",650,"DRY","Climber","Sabicea pilosa","Tube","Actinomorphic","Upright","Partially exposed","Weak-No","Vivid","White","Absent",0.6761,2.3245,8.39569627192982,17.3933333333333,1.65333680101909,0.170521606539767,0.149172780981549,0.680305612478684,0.804335111884723,0,0,0.5,0.5,0,1,0,255,255,255,0,0,0,0,0,0,1,0
"SCACIN_650_DRY","SCACIN",650,"DRY","Herb","Scadoxus cinnabarinus","Salverform","Actinomorphic","All","Exposed","Weak-No","Vivid","Orange","Absent",4.1598,0.7122,0.93,21.2,0.2112925032,0,0,0,0.474894773464931,0,0,0,1,0,1,0,255,165,0,0,0,1,0,0,0,0,0
"SCHMAG_650_DRY","SCHMAG",650,"DRY","Tree","Schumanniophyton magnificum","Trumpet","Actinomorphic","All","Partially exposed","Strong ","Vivid","White","Absent",4.254,8.884,NA,NA,NA,NA,NA,NA,0.474410031808382,0,0,0,0.5,0,1,0,255,255,255,0,0,0,0,0,0,1,0
"SOLTER_650_DRY","SOLTER",650,"DRY","Climber","Solanum terminale subsp inconstans","Stellate","Actinomorphic","Upright","Exposed","Weak-No","Vivid","Purple","Absent",1.7255,0,NA,NA,0.000892857142857143,NA,NA,NA,0.0301692996972152,1,0,0.5,1,0,1,0,160,32,240,0,0,0,0,1,0,0,0
"TABBRA_650_DRY","TABBRA",650,"DRY","Tree","Tabernaemontana brachyantha","Salverform","Actinomorphic","All","Hidden","Strong ","Vivid","White","Present",4.82757142857143,1.25957142857143,14.8428362573099,11.6,1.89452251535088,0.319829944506819,0.57369069120274,0.106479364290441,0.389023567451106,0,0,0,0,0,1,1,255,255,255,0,0,0,0,0,0,1,0
"TABCRA_650_DRY","TABCRA",650,"DRY","Climber","Tabernaemontana sp 1 ""crassa""","Salverform","Actinomorphic","All","Hidden","Strong ","Vivid","White","Absent",10.1633333333333,5.94533333333333,NA,NA,NA,NA,NA,NA,0.422887237551289,0,0,0,0,0,1,0,255,255,255,0,0,0,0,0,0,1,0
"TRIRUB_650_DRY","TRIRUB",650,"DRY","Tree","Trichilia rubescens","Dish","Actinomorphic","Upright","Exposed","Moderate","(blank)","Green","Absent",1.005,0.2595,2.746614,20.7857142857143,0.363977829341526,0.178876224572672,0.501008154087619,0.320115621339708,0.351110179778526,1,0,0.5,1,0.5,0,0,0,255,0,0,1,0,0,0,0,0,0
"VOABRA_650_DRY","VOABRA",650,"DRY","Shrub","Voacanga bracteata","Salverform","Actinomorphic","Pendant","Hidden","Weak-No","Drab","Brown","Absent",1.404,1.4454,13.0051691729323,14.8071428571429,2.33886545617325,0.106475510450755,0.0891694250343181,0.804355064514927,0.408842408023794,0,0,0,0,0,0,0,165,42,42,1,0,0,0,0,0,0,0
"ACASTR_1100_DRY","ACASTR",1100,"DRY","Herb","Streptocarpus strigosus","Tube","Actinomorphic","All","Hidden","Weak-No","Vivid","Purple","Present",1.18438461538462,1.68284615384615,1.43092105263158,4.5625,0.0609791699561404,0.0374314812782835,0.0327422839560267,0.92982623476569,0.167701219349176,0,0,0,0,0,1,1,160,32,240,0,0,0,0,1,0,0,0
"AFRSPP_1100_DRY","AFRSPP",1100,"DRY","Herb","Aframomum sp purple","Trumpet","Zygomorphic","Upright","Hidden","Weak-No","Vivid","Purple","Present",5.1243125,4.5085,9.54098945279866,15.355,2.29074008501316,0.349860404124969,0.31056638197741,0.33957321389762,0.377823136114849,0,1,0.5,0,0,1,1,160,32,240,0,0,0,0,1,0,0,0
"ANCDIF_1100_DRY","ANCDIF",1100,"DRY","Herb","Anchomanes difformis","Open","Actinomorphic","Horizontal","Exposed","Strong ","Drab","White","Absent",0.245777777777778,0,NA,NA,0.00399523809523809,0.144476557482338,0.243192035966602,0.61233140655106,0.56634849819878,1,0,1,1,0,0,0,255,255,255,0,0,0,0,0,0,1,0
"ANESP1_1100_DRY","ANESP1",1100,"DRY","Herb","Aneilema sp 1","Open","Zygomorphic","Horizontal","Exposed","Weak-No","Drab","White","Absent",0.614,0,NA,NA,NA,NA,NA,NA,0.308650170909978,1,1,1,1,0,0,0,255,255,255,0,0,0,0,0,0,1,0
"ARGAFZ_1100_DRY","ARGAFZ",1100,"DRY","Climber","Argocoffeopsis afzelii","Salverform","Actinomorphic","Upright","Exposed","Strong ","Vivid","White","Absent",1.7094,0.19,NA,NA,0.0810861111111111,0.350832430653308,0.29393515052871,0.355232418817982,0.170968435574998,0,0,0.5,1,0,1,0,255,255,255,0,0,0,0,0,0,1,0
"BEGFUS_1100_DRY","BEGFUS",1100,"DRY","Herb","Begonia fusialata","Open","Zygomorphic","Horizontal","Exposed","Weak-No","Drab","White","Present",0.9329,0,NA,NA,0.00491923076923077,0.411347517730496,0.574468085106383,0.0141843971631206,0.0814149721603711,1,1,1,1,0,0,1,255,255,255,0,0,0,0,0,0,1,0
"BEGLET_1100_DRY","BEGLET",1100,"DRY","Herb","Begonia letouzeyi","Open","Zygomorphic","Horizontal","Exposed","Weak-No","Vivid","Yellow","Present",2.0845,0,NA,NA,0.00418839285714286,0.175324675324675,0.142857142857143,0.681818181818182,0.183056100709855,1,1,1,1,0,1,1,255,255,0,0,0,0,0,0,0,0,1
"BEGMAN_1100_DRY","BEGMAN",1100,"DRY","Herb","Begonia mannii","Open","Zygomorphic","All","Exposed","Weak-No","Vivid","Red","Absent",1.5245,0,NA,NA,0.00459615384615385,0.471349795801069,0.523061968904813,0.00558823529411765,0.228233928017569,1,1,0,1,0,1,0,255,0,0,0,0,0,0,0,1,0,0
"BEGOXY_1100_DRY","BEGOXY",1100,"DRY","Herb","Begonia oxyloba","Open","Zygomorphic","Horizontal","Exposed","Weak-No","Vivid","Pink","Present",1.1908,0,NA,NA,0.000967204301075269,NA,NA,NA,0,1,1,1,1,0,1,1,255,192,203,0,0,0,1,0,0,0,0
"BRIOWA_1100_DRY","BRIOWA",1100,"DRY","Herb","Brillantaisia owariensis","Labiate","Zygomorphic","Horizontal","Exposed","Strong ","Vivid","Purple","Present",2.9276,1.0362,3.59824561403509,30.332,1.36185505081798,0.196739136155023,0.233855835839328,0.569405028005649,0.338181719012791,0,1,1,1,0,1,1,160,32,240,0,0,0,0,1,0,0,0
"CAMFLA_1100_DRY","CAMFLA",1100,"DRY","Shrub","Gomphia flava","Stellate","Actinomorphic","All","Exposed","Weak-No","Vivid","Yellow","Absent",2.0406,0,NA,NA,0.00419479166666667,0.543863593463593,0.430188546988547,0.0259478595478596,0.383756416750292,1,0,0,1,0,1,0,255,255,0,0,0,0,0,0,0,0,1
"CHASCI_1100_DRY","CHASCI",1100,"DRY","Shrub","Chazaliella sciadephora","Bell","Actinomorphic","All","Exposed","Weak-No","Drab","White","Absent",0.478714285714286,0.243571428571429,NA,NA,NA,NA,NA,NA,0.156155917543086,0,0,0,1,0,0,0,255,255,255,0,0,0,0,0,0,1,0
"CHLCOM_1100_DRY","CHLCOM",1100,"DRY","Herb","Chlorophytum comosum","Stellate","Actinomorphic","All","Exposed","Weak-No","Drab","White","Absent",0.6308,0,NA,NA,0.0146571428571429,0.494618040958154,0.503431237106125,0.00195072193572185,0.280893796487066,1,0,0,1,0,0,0,255,255,255,0,0,0,0,0,0,1,0
"CHYSP1_1100_DRY","CHYSP1",1100,"DRY","Tree","Chytranthus sp 1","Urceolate","Actinomorphic","All","Exposed","Weak-No","Drab","White","Absent",0.51,0,NA,NA,NA,NA,NA,NA,0.33480347354224,0,0,0,1,0,0,0,255,255,255,0,0,0,0,0,0,1,0
"CISORE_1100_DRY","CISORE",1100,"DRY","Climber","Cissus oreophila","Dish","Actinomorphic","Upright","Exposed","Strong ","Drab","White","Absent",0.268333333333333,0,NA,NA,0.00865,0.226495726495727,0.243589743589744,0.52991452991453,0.63839581769557,1,0,0.5,1,0,0,0,255,255,255,0,0,0,0,0,0,1,0
"COMSP1_1100_DRY","COMSP1",1100,"DRY","Herb","Commelinaceae sp 1","Open","Zygomorphic","Horizontal","Exposed","Weak-No","Drab","White","Absent",0.8326,0,NA,NA,0.0072,NA,NA,NA,0.251693526217654,1,1,1,1,0,0,0,255,255,255,0,0,0,0,0,0,1,0
"CORAUR_1100_DRY","CORAUR",1100,"DRY","Tree","Cordia aurantiaca","Tube","Actinomorphic","All","Exposed","Strong ","Vivid","Yellow","Absent",2.2,0.9,3.9468,36.75,1.664802224085,0.0946961406580579,0.786970161231488,0.118333698110455,0.512014149101519,0,0,0,1,0,1,0,255,255,0,0,0,0,0,0,0,0,1
"COSDUB_1100_DRY","COSDUB",1100,"DRY","Herb","Costus dubius","Tube","Zygomorphic","Upright","Hidden","Strong ","Vivid","White","Present",3.1411,3.674,10.8728070175439,14.3166666666667,1.82266177427632,0.0758603325458263,0.152582181471493,0.771557485982681,0.164643968974863,0,1,0.5,0,0,1,1,255,255,255,0,0,0,0,0,0,1,0
"CRAMON_1100_DRY","CRAMON",1100,"DRY","Herb","Crassocephalum montuosum","Tube","Actinomorphic","All","Exposed","Strong ","Vivid","Orange","Absent",0.6139,0.7089,NA,NA,0.00259007092198582,0.275172073442006,0.360266632222594,0.3645612943354,0.0986317696530231,0,0,0,1,0,1,0,255,165,0,0,0,1,0,0,0,0,0
"CUVLON_1100_DRY","CUVLON",1100,"DRY","Tree","Cuviera longiflora","Stellate","Actinomorphic","Upright","Exposed","Strong ","Vivid","Green","Present",4.147,0.6646,NA,NA,1.62733333333333,0.195215460582996,0.29435915369932,0.510425385717684,0.640389398598027,1,0,0.5,1,0,1,1,0,255,0,0,1,0,0,0,0,0,0
"DEISP1_1100_DRY","DEISP1",1100,"DRY","Shrub","Deinbollia sp 1","Urceolate","Actinomorphic","All","Exposed","Weak-No","Drab","Green","Absent",0.2886,0,NA,NA,0.164492888888889,0.163789552795448,0.175461228151133,0.660749219053419,0.17436960265767,0,0,0,1,0,0,0,0,255,0,0,1,0,0,0,0,0,0
"DIOCUM_1100_DRY","DIOCUM",1100,"DRY","Climber","Dioscoreophyllum cumminsii","Open","Actinomorphic","Horizontal","Exposed","Weak-No","Drab","Yellow","Absent",0.3216,0,NA,NA,0.00270700793650794,0.333217773940968,0.650238108411973,0.0165441176470588,0.37473738389432,1,0,1,1,0,0,0,255,255,0,0,0,0,0,0,0,0,1
"DISHEX_1100_DRY","DISHEX",1100,"DRY","Tree","Discocloaxylon hexandrum","Open","Actinomorphic","Pendant","Exposed","Weak-No","Drab","Green","Absent",0.492,0,NA,NA,0.00448964285714286,0.0645566001772457,0.0535255686583649,0.881917831164389,0.36802689631825,1,0,0,1,0,0,0,0,255,0,0,1,0,0,0,0,0,0
"DISSP1_1100_DRY","DISSP1",1100,"DRY","Herb","Dischistocalyx sp 1","Tube","Actinomorphic","Upright","Hidden","Weak-No","Vivid","Purple","Present",1.9894,2.4218,4.77974828375286,15.2434782608696,0.655031683312247,0.305426788066689,0.180396514683555,0.514176697249756,0.403185542816889,0,0,0.5,0,0,1,1,160,32,240,0,0,0,0,1,0,0,0
"DISSP2_1100_DRY","DISSP2",1100,"DRY","Herb","Dischistocalyx sp 2","Tube","Zygomorphic","Upright","Hidden","Weak-No","Vivid","Purple","Present",2.80066666666667,3.52466666666667,NA,NA,NA,NA,NA,NA,0.404523948101461,0,1,0.5,0,0,1,1,160,32,240,0,0,0,0,1,0,0,0
"GRELIA_1100_DRY","GRELIA",1100,"DRY","Climber","Prionostemma fimbriatum","Open","Actinomorphic","Upright","Exposed","Weak-No","Drab","Green","Absent",1.004,0,NA,NA,0.0034,NA,NA,NA,0.221341161357385,1,0,0.5,1,0,0,0,0,255,0,0,1,0,0,0,0,0,0
"KIGAFR_1100_DRY","KIGAFR",1100,"DRY","Tree","Kigelia africana","Trumpet","Actinomorphic","Horizontal","Partially exposed","Weak-No","Vivid","Red","Present",7.4974,2.4106,49.6232769423559,16.625,11.000242189306,0.283196971120184,0.38264878679026,0.334154242089557,0.725040005222372,0,0,1,0.5,0,1,1,255,0,0,0,0,0,0,0,1,0,0
"LANLAN_1100_DRY","LANLAN",1100,"DRY","Climber","Landolphia landolphioides","Trumpet","Actinomorphic","Upright","Hidden","Strong ","Vivid","White","Present",3.6186,1.4482,NA,NA,NA,NA,NA,NA,0.411270580503908,0,0,0.5,0,0,1,1,255,255,255,0,0,0,0,0,0,1,0
"MAPMAC_1100_DRY","MAPMAC",1100,"DRY","Herb","Mapania macrantha","Open","Actinomorphic","Upright","Exposed","Strong ","Drab","White","Absent",7.3846,0,NA,NA,0.00618,0.290909090909091,0.236363636363636,0.472727272727273,0.129973002881639,1,0,0.5,1,0,0,0,255,255,255,0,0,0,0,0,0,1,0
"MELSCA_1100_DRY","MELSCA",1100,"DRY","Climber","Melanthera scandens","Tube","Actinomorphic","Upright","Exposed","Weak-No","Vivid","Orange","Absent",0.168,0.2417,NA,NA,0.00290481720525581,0.307619246814574,0.252389304213561,0.439991448971866,0.338627449572045,0,0,0.5,1,0,1,0,255,165,0,0,0,1,0,0,0,0,0
"MIKCOR_1100_DRY","MIKCOR",1100,"DRY","Climber","Mikania cordata","Bell","Actinomorphic","All","Exposed","Strong ","Vivid","White","Absent",0.2116,0.487,NA,NA,0.00386705037386856,0.15850076100282,0.423690332504144,0.417808906493036,0.0834329674295542,0,0,0,1,0,1,0,255,255,255,0,0,0,0,0,0,1,0
"MONFOL_1100_DRY","MONFOL",1100,"DRY","Climber","Monanthotaxis foliosa","Open","Actinomorphic","Upright","Exposed","Weak-No","Drab","Yellow","Absent",1.162,0,NA,NA,3e-04,NA,NA,NA,0.217008733846685,1,0,0.5,1,0,0,0,255,255,0,0,0,0,0,0,0,0,1
"MUSTEN_1100_DRY","MUSTEN",1100,"DRY","Climber","Mussaenda tenuiflora","Tube","Actinomorphic","Upright","Hidden","Weak-No","Vivid","Yellow","Present",1.13066666666667,2.91644444444444,4.79964114832536,20.02,1.25549835226608,0.0325858276224516,0.0300769971297471,0.937337175247801,0.300218611384255,0,0,0.5,0,0,1,1,255,255,0,0,0,0,0,0,0,0,1
"ONCDEN_1100_DRY","ONCDEN",1100,"DRY","Shrub","Oncoba dentata","Open","Actinomorphic","All","Exposed","Strong ","Vivid","White","Absent",1.952,0,NA,NA,0.00466153846153846,0.445376699324068,0.530430875167717,0.024192425508215,0.207898683113498,1,0,0,1,0,1,0,255,255,255,0,0,0,0,0,0,1,0
"PALBAR_1100_DRY","PALBAR",1100,"DRY","Herb","Palisota barteri","Open","Actinomorphic","Horizontal","Exposed","Weak-No","Drab","White","Absent",0.912285714285714,0,NA,NA,0.000891265154598488,0.290983606557377,0.245901639344262,0.463114754098361,0.414209810402875,1,0,1,1,0,0,0,255,255,255,0,0,0,0,0,0,1,0
"PARSET_1100_DRY","PARSET",1100,"DRY","Herb","Parapentas setigera","Bell","Actinomorphic","Upright","Hidden","Weak-No","Vivid","White","Absent",0.5702,0.243,NA,NA,NA,NA,NA,NA,0.494127837292459,0,0,0.5,0,0,1,0,255,255,255,0,0,0,0,0,0,1,0
"PARZEN_1100_DRY","PARZEN",1100,"DRY","Climber","Pararistolochia zenkeri","Trumpet","Actinomorphic","Horizontal","Hidden","Weak-No","Drab","Brown","Absent",5.1534,5.1604,NA,NA,0.0300925925925926,0.357854029908019,0.605812381414957,0.0363335886770245,0.36812982185425,0,0,1,0,0,0,0,165,42,42,1,0,0,0,0,0,0,0
"PAVRIG_1100_DRY","PAVRIG",1100,"DRY","Shrub","Pavetta rigida","Salverform","Actinomorphic","Upright","Exposed","Weak-No","Vivid","White","Absent",2.5618,1.6306,4.47714681440443,12.3578947368421,0.562755545934326,0.268331560579496,0.280015291617567,0.451653147802938,0.210570561410759,0,0,0.5,1,0,1,0,255,255,255,0,0,0,0,0,0,1,0
"PIPUMB_1100_DRY","PIPUMB",1100,"DRY","Shrub","Piper umbellatum","Open","Actinomorphic","Horizontal","Exposed","Weak-No","Drab","White","Absent",0.1002,0,NA,NA,0.000130888834990703,0.411214953271028,0.355140186915888,0.233644859813084,0.232409427251741,1,0,1,1,0,0,0,255,255,255,0,0,0,0,0,0,1,0
"PLEGLA_1100_DRY","PLEGLA",1100,"DRY","Herb","Plectranthus glandulosus","Labiate","Zygomorphic","Horizontal","Hidden","Strong ","Vivid","Purple","Present",1.1963,0.5326,0.693713450292398,36.0153846153846,0.313473761458333,0.181621388202203,0.144327802351303,0.674050809446494,0.320964846807891,0,1,1,0,0,1,1,160,32,240,0,0,0,0,1,0,0,0
"PLEKAM_1100_DRY","PLEKAM",1100,"DRY","Herb","Plectranthus kamerunensis","Labiate","Zygomorphic","Horizontal","Hidden","Weak-No","Vivid","Purple","Present",1.0456,0.4296,1.44517543859649,27.9888888888889,0.418830518662779,0.233103822733897,0.043952718277388,0.722943458988714,0.168271328685358,0,1,1,0,0,1,1,160,32,240,0,0,0,0,1,0,0,0
"PSYLEP_1100_DRY","PSYLEP",1100,"DRY","Shrub","Psychotria leptophylla","Bell","Actinomorphic","Upright","Exposed","Weak-No","Drab","White","Absent",0.2982,0.1862,NA,NA,0.0931625,0.345579636475736,0.338192380815533,0.316227982708731,0.292300315135149,0,0,0.5,1,0,0,0,255,255,255,0,0,0,0,0,0,1,0
"SABVEN_1100_DRY","SABVEN",1100,"DRY","Climber","Sabicea venosa","Tube","Actinomorphic","Horizontal","Partially exposed","Weak-No","Drab","White","Absent",0.456,0.872,NA,NA,NA,NA,NA,NA,0.378325189181365,0,0,1,0.5,0,0,0,255,255,255,0,0,0,0,0,0,1,0
"SCACIN_1100_DRY","SCACIN",1100,"DRY","Herb","Scadoxus cinnabarinus","Salverform","Actinomorphic","All","Exposed","Weak-No","Vivid","Orange","Absent",4.1598,0.7122,0.93,21.2,0.2112925032,0,0,0,0.461315694250302,0,0,0,1,0,1,0,255,165,0,0,0,1,0,0,0,0,0
"SCHMAG_1100_DRY","SCHMAG",1100,"DRY","Tree","Schumanniophyton magnificum","Trumpet","Actinomorphic","All","Partially exposed","Strong ","Vivid","White","Absent",4.254,8.884,NA,NA,NA,NA,NA,NA,0.471489090254376,0,0,0,0.5,0,1,0,255,255,255,0,0,0,0,0,0,1,0
"SHEBIG_1100_DRY","SHEBIG",1100,"DRY","Climber","Sherbournia bignoniiflora","Bell","Actinomorphic","Pendant","Hidden","Weak-No","Vivid","White","Absent",4.888,4.56525,44.5,30.75,15.3304500625,0.0778565369936538,0.821907576430109,0.100235886576237,0.129467333041983,0,0,0,0,0,1,0,255,255,255,0,0,0,0,0,0,1,0
"TABBRA_1100_DRY","TABBRA",1100,"DRY","Tree","Tabernaemontana brachyantha","Salverform","Actinomorphic","All","Hidden","Strong ","Vivid","White","Present",4.82757142857143,1.25957142857143,14.8428362573099,11.6,1.89452251535088,0.319829944506819,0.57369069120274,0.106479364290441,0.0756160968618221,0,0,0,0,0,1,1,255,255,255,0,0,0,0,0,0,1,0
"TABVEN_1100_DRY","TABVEN",1100,"DRY","Climber","Tabernaemontana ventricosa","Salverform","Actinomorphic","All","Hidden","Strong ","Vivid","White","Absent",3.64516666666667,1.22,4.65842636895268,20.2241379310345,1.1043479401467,0.223731084480659,0.306909168879215,0.469359746640126,0.148033376349025,0,0,0,0,0,1,0,255,255,255,0,0,0,0,0,0,1,0
"THOSAN_1100_DRY","THOSAN",1100,"DRY","Herb","Thonningia sanguinea","Bell","Actinomorphic","Upright","Hidden","Weak-No","Vivid","Red","Absent",4.06218181818182,0,347.692307692308,12.7384615384615,50.0997418057692,0,0,0,0.46466944383618,0,0,0.5,0,0,1,0,255,0,0,0,0,0,0,0,1,0,0
"THUFAS_1100_DRY","THUFAS",1100,"DRY","Climber","Thunbergia fasciculata","Trumpet","Zygomorphic","Horizontal","Hidden","Weak-No","Vivid","Purple","Present",5.1468,4.5162,6.08552631578948,13.68,1.08987154694549,0.088584785680559,0.107232205074458,0.804183009244983,0.30528055950668,0,1,1,0,0,1,1,160,32,240,0,0,0,0,1,0,0,0
"TRCSP1_1100_DRY","TRCSP1",1100,"DRY","Shrub","Tricalysia sp 1","Open","Actinomorphic","Upright","Exposed","Strong ","Drab","Green","Absent",0.9678,0,NA,NA,NA,NA,NA,NA,0.277652016182084,1,0,0.5,1,0,0,0,0,255,0,0,1,0,0,0,0,0,0
"TRIRUB_1100_DRY","TRIRUB",1100,"DRY","Tree","Trichilia rubescens","Dish","Actinomorphic","Upright","Exposed","Moderate","(blank)","Green","Absent",1.005,0.2595,2.746614,20.7857142857143,0.363977829341526,0.178876224572672,0.501008154087619,0.320115621339708,0.318916232031704,1,0,0.5,1,0.5,0,0,0,255,0,0,1,0,0,0,0,0,0
"VOAAFR_1100_DRY","VOAAFR",1100,"DRY","Tree","Voacanga africana","Salverform","Actinomorphic","All","Hidden","Weak-No","Vivid","White","Absent",1.7764,0.9176,8.12280701754386,14.7,1.23935547166667,0.0228898535783595,0.0272274349628121,0.949882711458829,0.210596421036447,0,0,0,0,0,1,0,255,255,255,0,0,0,0,0,0,1,0
"AFRSPP_1450_DRY","AFRSPP",1450,"DRY","Herb","Aframomum sp purple","Trumpet","Zygomorphic","Upright","Hidden","Weak-No","Vivid","Purple","Present",5.1243125,4.5085,9.54098945279866,15.355,2.29074008501316,0.349860404124969,0.31056638197741,0.33957321389762,0.553142260006484,0,1,0.5,0,0,1,1,160,32,240,0,0,0,0,1,0,0,0
"AFRSPW_1450_DRY","AFRSPW",1450,"DRY","Herb","Aframomum sp white","Trumpet","Zygomorphic","Upright","Hidden","Weak-No","Vivid","White","Present",2.99666666666667,4.32666666666667,89.4742105263158,17.0666666666667,21.8033889392857,0.370416393112431,0.358760831900134,0.270822774987435,0.522640265810836,0,1,0.5,0,0,1,1,255,255,255,0,0,0,0,0,0,1,0
"APOPAL_1450_DRY","APOPAL",1450,"DRY","Climber","Apodostigma pallens","Open","Actinomorphic","Horizontal","Exposed","Weak-No","Drab","Green","Absent",0.34,0,NA,NA,NA,NA,NA,NA,0.101745097574109,1,0,1,1,0,0,0,0,255,0,0,1,0,0,0,0,0,0
"BEGMAN_1450_DRY","BEGMAN",1450,"DRY","Herb","Begonia mannii","Open","Zygomorphic","All","Exposed","Weak-No","Vivid","Red","Absent",1.5245,0,NA,NA,0.00459615384615385,0.471349795801069,0.523061968904813,0.00558823529411765,0.295918833338459,1,1,0,1,0,1,0,255,0,0,0,0,0,0,0,1,0,0
"BEGOXY_1450_DRY","BEGOXY",1450,"DRY","Herb","Begonia oxyloba","Open","Zygomorphic","Horizontal","Exposed","Weak-No","Vivid","Pink","Present",1.1908,0,NA,NA,0.000967204301075269,NA,NA,NA,0.173139310038154,1,1,1,1,0,1,1,255,192,203,0,0,0,1,0,0,0,0
"BRIOWA_1450_DRY","BRIOWA",1450,"DRY","Herb","Brillantaisia owariensis","Labiate","Zygomorphic","Horizontal","Exposed","Strong ","Vivid","Purple","Present",2.9276,1.0362,3.59824561403509,30.332,1.36185505081798,0.196739136155023,0.233855835839328,0.569405028005649,0.348933364411128,0,1,1,1,0,1,1,160,32,240,0,0,0,0,1,0,0,0
"BRISPE_1450_DRY","BRISPE",1450,"DRY","Tree","Bridelia speciosa","Open","Actinomorphic","All","Exposed","Weak-No","Drab","Green","Absent",0.542,0,NA,NA,NA,NA,NA,NA,0.202762986216612,1,0,0,1,0,0,0,0,255,0,0,1,0,0,0,0,0,0
"CHLCOM_1450_DRY","CHLCOM",1450,"DRY","Herb","Chlorophytum comosum","Stellate","Actinomorphic","All","Exposed","Weak-No","Drab","White","Absent",0.6308,0,NA,NA,0.0146571428571429,0.494618040958154,0.503431237106125,0.00195072193572185,0.173139310038154,1,0,0,1,0,0,0,255,255,255,0,0,0,0,0,0,1,0
"CLESIM_1450_DRY","CLESIM",1450,"DRY","Climber","Clematis simensis","Open","Actinomorphic","All","Exposed","Weak-No","Vivid","White","Absent",2.502,0,NA,NA,0.003915,0.145381858285084,0.0734383895674218,0.781179752147494,0.298713077734334,1,0,0,1,0,1,0,255,255,255,0,0,0,0,0,0,1,0
"COSDUB_1450_DRY","COSDUB",1450,"DRY","Herb","Costus dubius","Tube","Zygomorphic","Upright","Hidden","Strong ","Vivid","White","Present",3.1411,3.674,10.8728070175439,14.3166666666667,1.82266177427632,0.0758603325458263,0.152582181471493,0.771557485982681,0.50017583467549,0,1,0.5,0,0,1,1,255,255,255,0,0,0,0,0,0,1,0
"CRAMON_1450_DRY","CRAMON",1450,"DRY","Herb","Crassocephalum montuosum","Tube","Actinomorphic","All","Exposed","Strong ","Vivid","Orange","Absent",0.6139,0.7089,NA,NA,0.00259007092198582,0.275172073442006,0.360266632222594,0.3645612943354,0.438832572319858,0,0,0,1,0,1,0,255,165,0,0,0,1,0,0,0,0,0
"CRAVIT_1450_DRY","CRAVIT",1450,"DRY","Herb","Crassocephalum vitellinum","Tube","Actinomorphic","Upright","Exposed","Weak-No","Vivid","Yellow","Absent",0.1256,1.1074,NA,NA,NA,NA,NA,NA,0.277432632011788,0,0,0.5,1,0,1,0,255,255,0,0,0,0,0,0,0,0,1
"DESREP_1450_DRY","DESREP",1450,"DRY","Herb","Hylodesmum repandum","Papilionaceous","Zygomorphic","Horizontal","Hidden","Weak-No","Vivid","Orange","Absent",1.3473,0.7536,NA,NA,0.0020875,NA,NA,NA,0.431876457074197,0,1,1,0,0,1,0,255,165,0,0,0,1,0,0,0,0,0
"DICVES_1450_DRY","DICVES",1450,"DRY","Shrub","Dicranolepis vestita","Salverform","Actinomorphic","Upright","Exposed","Strong ","Vivid","White","Absent",2.26983333333333,1.72983333333333,1.18536472760849,20.4307692307692,0.359766752386977,0.0277803099784249,0.0290034381406864,0.943216251880889,0.220716350484694,0,0,0.5,1,0,1,0,255,255,255,0,0,0,0,0,0,1,0
"ENGGAB_1450_DRY","ENGGAB",1450,"DRY","Epiphyte","Englerina gabonensis","Tube","Zygomorphic","All","Exposed","Weak-No","Vivid","Red","Absent",1.87257142857143,2.94542857142857,10.6499202551834,10.1307692307692,1.55204887587298,0,0,0,0.288651445206858,0,1,0,1,0,1,0,255,0,0,0,0,0,0,0,1,0,0
"HYPTRI_1450_DRY","HYPTRI",1450,"DRY","Herb","Hypoestes triflora","Trumpet","Zygomorphic","Horizontal","Exposed","Weak-No","Vivid","White","Absent",1.2425,0.6914,0.763321312784336,20.4611111111111,0.207567271677632,0.413951018059288,0.260044218068893,0.326004763871819,0.21235618964075,0,1,1,1,0,1,0,255,255,255,0,0,0,0,0,0,1,0
"IMPBUR_1450_DRY","IMPBUR",1450,"DRY","Herb","Impatiens burtonii","Gullet","Zygomorphic","Horizontal","Partially exposed","Weak-No","Vivid","Pink","Present",2.9129,1.0358,0.81062030075188,29.68,0.326933730035425,0.141213973128117,0.0758360493632099,0.782949977508674,0.308704388310025,0,1,1,0.5,0,1,1,255,192,203,0,0,0,1,0,0,0,0
"IMPMAN_1450_DRY","IMPMAN",1450,"DRY","Herb","Impatiens mannii","Gullet","Zygomorphic","Horizontal","Partially exposed","Weak-No","Vivid","White","Present",2.27125,1.0241,0.646929824561403,33.05,0.0521780470394737,0.209529361268593,0.150904873576115,0.639565765155292,0.451563471531078,0,1,1,0.5,0,1,1,255,255,255,0,0,0,0,0,0,1,0
"IMPNIA_1450_DRY","IMPNIA",1450,"DRY","Epiphyte","Impatiens niamniamensis","Gullet","Zygomorphic","Horizontal","Exposed","Weak-No","Vivid","Red","Absent",2.0146,2.1059,9.75907029478458,15.9861111111111,1.74866011202379,0.0879124630119193,0.0916280907336737,0.820459446254407,0.417800621835366,0,1,1,1,0,1,0,255,0,0,0,0,0,0,0,1,0,0
"ISORAM_1450_DRY","ISORAM",1450,"DRY","Herb","Isodon ramosissimus","Salverform","Zygomorphic","All","Exposed","Weak-No","Vivid","White","Present",0.5858,0.1942,0.603801169590643,16.2153846153846,0.100832855132422,0.262818371817005,0.169124996557788,0.568056631625207,0.30388227855865,0,1,0,1,0,1,1,255,255,255,0,0,0,0,0,0,1,0
"KEEMAN_1450_DRY","KEEMAN",1450,"DRY","Climber","Keetia mannii","Salverform","Actinomorphic","Horizontal","Exposed","Strong ","Vivid","White","Present",0.335,0.2645,NA,NA,NA,NA,NA,NA,0.330740799210021,0,0,1,1,0,1,1,255,255,255,0,0,0,0,0,0,1,0
"KIGAFR_1450_DRY","KIGAFR",1450,"DRY","Tree","Kigelia africana","Trumpet","Actinomorphic","Horizontal","Partially exposed","Weak-No","Vivid","Red","Present",7.4974,2.4106,49.6232769423559,16.625,11.000242189306,0.283196971120184,0.38264878679026,0.334154242089557,0.448813851378942,0,0,1,0.5,0,1,1,255,0,0,0,0,0,0,0,1,0,0
"MELSCA_1450_DRY","MELSCA",1450,"DRY","Climber","Melanthera scandens","Tube","Actinomorphic","Upright","Exposed","Weak-No","Vivid","Orange","Absent",0.168,0.2417,NA,NA,0.00290481720525581,0.307619246814574,0.252389304213561,0.439991448971866,0.239794341703904,0,0,0.5,1,0,1,0,255,165,0,0,0,1,0,0,0,0,0
"MUSTEN_1450_DRY","MUSTEN",1450,"DRY","Climber","Mussaenda tenuiflora","Tube","Actinomorphic","Upright","Hidden","Weak-No","Vivid","Yellow","Present",1.13066666666667,2.91644444444444,4.79964114832536,20.02,1.25549835226608,0.0325858276224516,0.0300769971297471,0.937337175247801,0.408641844182207,0,0,0.5,0,0,1,1,255,255,0,0,0,0,0,0,0,0,1
"ONCLOP_1450_DRY","ONCLOP",1450,"DRY","Tree","Oncoba lophocarpa","Open","Actinomorphic","Horizontal","Exposed","Weak-No","Vivid","White","Absent",5.386,0,NA,NA,NA,NA,NA,NA,0.482893131992611,1,0,1,1,0,1,0,255,255,255,0,0,0,0,0,0,1,0
"PLEKAM_1450_DRY","PLEKAM",1450,"DRY","Herb","Plectranthus kamerunensis","Labiate","Zygomorphic","Horizontal","Hidden","Weak-No","Vivid","Purple","Present",1.0456,0.4296,1.44517543859649,27.9888888888889,0.418830518662779,0.233103822733897,0.043952718277388,0.722943458988714,0.245007259728698,0,1,1,0,0,1,1,160,32,240,0,0,0,0,1,0,0,0
"PSYDUN_1450_DRY","PSYDUN",1450,"DRY","Tree","Psydrax dunlapii","Salverform","Actinomorphic","Upright","Exposed","Strong ","Vivid","Yellow","Present",0.5325,0.358,0.418640350877193,20.6454545454545,0.112499283213201,0.144556512593094,0.171603843969881,0.683839643437026,0.228689924982014,0,0,0.5,1,0,1,1,255,255,0,0,0,0,0,0,0,0,1
"RUTSMI_1450_DRY","RUTSMI",1450,"DRY","Climber","Rutidea smithii","Open","Actinomorphic","Horizontal","Exposed","Strong ","Vivid","White","Present",0.426,0.492,NA,NA,NA,NA,NA,NA,0.495677740962855,1,0,1,1,0,1,1,255,255,255,0,0,0,0,0,0,1,0
"SOLMAN_1450_DRY","SOLMAN",1450,"DRY","Shrub","Solanecio mannii","Tube","Actinomorphic","All","Exposed","Weak-No","Vivid","Yellow","Absent",0.2678,0.6144,NA,NA,0.00519759259259259,0.532690807355986,0.459731056494449,0.00757813614956472,0.24158905997974,0,0,0,1,0,1,0,255,255,0,0,0,0,0,0,0,0,1
"STAACU_1450_DRY","STAACU",1450,"DRY","Herb","Stachys aculeolata","Labiate","Zygomorphic","Horizontal","Exposed","Weak-No","Vivid","Purple","Present",0.4862,0.399,0.738304093567252,21.55,0.0585029477683179,0.226051686222731,0.163862593388248,0.610085720389022,0.21105618315308,0,1,1,1,0,1,1,160,32,240,0,0,0,0,1,0,0,0
"TABVEN_1450_DRY","TABVEN",1450,"DRY","Tree","Tabernaemontana ventricosa","Salverform","Actinomorphic","All","Hidden","Strong ","Vivid","White","Absent",3.64516666666667,1.22,4.65842636895268,20.2241379310345,1.1043479401467,0.223731084480659,0.306909168879215,0.469359746640126,0.230612789713853,0,0,0,0,0,1,0,255,255,255,0,0,0,0,0,0,1,0
"VERBIA_1450_DRY","VERBIA",1450,"DRY","Herb","Distephanus biafrae","Tube","Actinomorphic","All","Exposed","Weak-No","Vivid","Purple","Absent",0.3572,0.7992,NA,NA,0.15468,0.427411179431343,0.365533923951282,0.207054896617374,0.25244636221348,0,0,0,1,0,1,0,160,32,240,0,0,0,0,1,0,0,0
"VIOABY_1450_DRY","VIOABY",1450,"DRY","Herb","Viola abyssinica","Gullet","Zygomorphic","Pendant","Exposed","Weak-No","Vivid","Purple","Present",0.8316,0.4678,NA,NA,NA,NA,NA,NA,0.264273582721272,0,1,0,1,0,1,1,160,32,240,0,0,0,0,1,0,0,0
"ACADEC_2250_DRY","ACADEC",2250,"DRY","Herb","Acanthopale decempedalis","Trumpet","Actinomorphic","Pendant","Partially exposed","Weak-No","Vivid","White","Present",1.85471428571429,2.20092857142857,2.93866175856307,18.0142857142857,0.61240619313397,0.0973422644683681,0.172027163525507,0.730630572006125,0.192347036240116,0,0,0,0.5,0,1,1,255,255,255,0,0,0,0,0,0,1,0
"ANTSCA_2250_DRY","ANTSCA",2250,"DRY","Climber","Anthocleista scandens","Trumpet","Actinomorphic","Upright","Exposed","Weak-No","Vivid","White","Absent",5.678,3.9928,1440.625,17.8222222222222,283.14614818125,0.336876291703572,0.389725420726307,0.273398287570121,0.180070887368595,0,0,0.5,1,0,1,0,255,255,255,0,0,0,0,0,0,1,0
"BEGPOC_2250_DRY","BEGPOC",2250,"DRY","Epiphyte","Begonia poculifera","Open","Zygomorphic","Horizontal","Exposed","Weak-No","Vivid","White","Absent",2.6235,0,NA,NA,0.00125555555555556,NA,NA,NA,0.375788886011278,1,1,1,1,0,1,0,255,255,255,0,0,0,0,0,0,1,0
"CRAVIT_2250_DRY","CRAVIT",2250,"DRY","Herb","Crassocephalum vitellinum","Tube","Actinomorphic","Upright","Exposed","Weak-No","Vivid","Yellow","Absent",0.1256,1.1074,NA,NA,NA,NA,NA,NA,0.377909917976204,0,0,0.5,1,0,1,0,255,255,0,0,0,0,0,0,0,0,1
"DESREP_2250_DRY","DESREP",2250,"DRY","Herb","Hylodesmum repandum","Papilionaceous","Zygomorphic","Horizontal","Hidden","Weak-No","Vivid","Orange","Absent",1.3473,0.7536,NA,NA,0.0020875,NA,NA,NA,0.459304880671923,0,1,1,0,0,1,0,255,165,0,0,0,1,0,0,0,0,0
"DISPEN_2250_DRY","DISPEN",2250,"DRY","Shrub","Discopodium penninervium","Bell","Actinomorphic","Horizontal","Partially exposed","Weak-No","Drab","Green","Absent",0.7508,0.3596,NA,NA,0.23872,0.372541693632118,0.392691922520945,0.234766383846937,0.516810573412568,0,0,1,0.5,0,0,0,0,255,0,0,1,0,0,0,0,0,0
"EUPSCH_2250_DRY","EUPSCH",2250,"DRY","Herb","Euphorbia schimperiana","Dish","Actinomorphic","Upright","Exposed","Weak-No","Drab","Green","Absent",0.3024,0.211,NA,NA,0.000478571428571429,NA,NA,NA,0.192347036240116,1,0,0.5,1,0,0,0,0,255,0,0,1,0,0,0,0,0,0
"HYPTRI_2250_DRY","HYPTRI",2250,"DRY","Herb","Hypoestes triflora","Trumpet","Zygomorphic","Horizontal","Exposed","Weak-No","Vivid","White","Absent",1.2425,0.6914,0.763321312784336,20.4611111111111,0.207567271677632,0.413951018059288,0.260044218068893,0.326004763871819,0.099868363710869,0,1,1,1,0,1,0,255,255,255,0,0,0,0,0,0,1,0
"ILEMIT_2250_DRY","ILEMIT",2250,"DRY","Tree","Ilex mitis","Open","Actinomorphic","All","Exposed","Strong ","Drab","White","Absent",0.6492,0.1892,0.0822368421052631,37.9,0.0685407274876645,0.225622387568267,0.285947866814918,0.488429745616815,0.0301765804504827,1,0,0,1,0,0,0,255,255,255,0,0,0,0,0,0,1,0
"IXOFOL_2250_DRY","IXOFOL",2250,"DRY","Tree","Ixora foliosa","Salverform","Actinomorphic","All","Exposed","Strong ","Drab","White","Absent",1.2332,1.2582,0.607456140350877,14.0857142857143,0.120680649161967,0.0240270753217124,0.0298446828485438,0.946128241829744,0.0661455427612137,0,0,0,1,0,0,0,255,255,255,0,0,0,0,0,0,1,0
"NUXCON_2250_DRY","NUXCON",2250,"DRY","Tree","Nuxia congesta","Open","Actinomorphic","Upright","Exposed","Strong ","Drab","White","Absent",0.654857142857143,0.459714285714286,0.845261828814461,27.6944444444444,0.221416578510355,0.243903987089723,0.252106667467534,0.503989345442743,0.0505086250051192,1,0,0.5,1,0,0,0,255,255,255,0,0,0,0,0,0,1,0
"PAVHOO_2250_DRY","PAVHOO",2250,"DRY","Shrub","Pavetta hookeriana","Salverform","Actinomorphic","Upright","Exposed","Weak-No","Vivid","White","Absent",1.0276,0.4274,0.832785087719298,26.93,0.271286217799426,0.310149657445616,0.35078144987297,0.339068892681414,0.0399182487394946,0,0,0.5,1,0,1,0,255,255,255,0,0,0,0,0,0,1,0
"PLEGLA_2250_DRY","PLEGLA",2250,"DRY","Herb","Plectranthus glandulosus","Labiate","Zygomorphic","Horizontal","Hidden","Strong ","Vivid","Purple","Present",1.1963,0.5326,0.693713450292398,36.0153846153846,0.313473761458333,0.181621388202203,0.144327802351303,0.674050809446494,0.0937579358539412,0,1,1,0,0,1,1,160,32,240,0,0,0,0,1,0,0,0
"SCHABY_2250_DRY","SCHABY",2250,"DRY","Tree","Schefflera abyssinica","Open","Actinomorphic","All","Exposed","Weak-No","Drab","Green","Absent",0.728,0,1.54778613199666,16.5466666666667,0.260075114746084,0.473822007285927,0.515923845350917,0.0102541473631564,0.173489185636084,1,0,0,1,0,0,0,0,255,0,0,1,0,0,0,0,0,0
"SOLMAN_2250_DRY","SOLMAN",2250,"DRY","Shrub","Solanecio mannii","Tube","Actinomorphic","All","Exposed","Weak-No","Vivid","Yellow","Absent",0.2678,0.6144,NA,NA,0.00519759259259259,0.532690807355986,0.459731056494449,0.00757813614956472,0.0723111181438558,0,0,0,1,0,1,0,255,255,0,0,0,0,0,0,0,0,1
"SOLNIG_2250_DRY","SOLNIG",2250,"DRY","Herb","Solanum nigrum","Stellate","Actinomorphic","All","Exposed","Weak-No","Vivid","White","Present",1.0004,0.3304,NA,NA,0.00219122807017544,NA,NA,NA,0.299332281026649,1,0,0,1,0,1,1,255,255,255,0,0,0,0,0,0,1,0
"STEMAN_2250_DRY","STEMAN",2250,"DRY","Herb","Stellaria mannii","Open","Actinomorphic","Upright","Exposed","Weak-No","Vivid","White","Absent",0.913,0,NA,NA,0.0266142857142857,0.427208780854234,0.219948774298177,0.352842444847588,0.297533973427969,1,0,0.5,1,0,1,0,255,255,255,0,0,0,0,0,0,1,0
"SYZSTA_2250_DRY","SYZSTA",2250,"DRY","Tree","Syzygium staudtii","Open","Actinomorphic","Horizontal","Exposed","Strong ","Vivid","White","Absent",1.157,0.274333333333333,3.34054688002057,27.6076923076923,1.13930925634046,0.358739514989515,0.452938909669679,0.188321575340806,0.122365707240115,1,0,1,1,0,1,0,255,255,255,0,0,0,0,0,0,1,0
"VERINS_2250_DRY","VERINS",2250,"DRY","Shrub","Baccharoides calvoana","Urceolate","Actinomorphic","All","Exposed","Weak-No","Vivid","Purple","Absent",2.9416,1.621,0.299047250479139,41.2214285714286,0.167799152113655,0.278990543015482,0.321777326639248,0.399232130345269,0.0780626995513329,0,0,0,1,0,1,0,160,32,240,0,0,0,0,1,0,0,0
"VERMYR_2250_DRY","VERMYR",2250,"DRY","Shrub","Gymnanthemum myrianthum","Tube","Actinomorphic","All","Exposed","Strong ","Vivid","White","Absent",0.371,0.633,NA,NA,NA,NA,NA,NA,0.19341144964331,0,0,0,1,0,1,0,255,255,255,0,0,0,0,0,0,1,0
"ACASTR_650_WET","ACASTR",650,"WET","Herb","Streptocarpus strigosus","Tube","Actinomorphic","All","Hidden","Weak-No","Vivid","Purple","Present",1.18438461538462,1.68284615384615,1.43092105263158,4.5625,0.0609791699561404,0.0374314812782835,0.0327422839560267,0.92982623476569,0.40484801404533,0,0,0,0,0,1,1,160,32,240,0,0,0,0,1,0,0,0
"AFRSPP_650_WET","AFRSPP",650,"WET","Herb","Aframomum sp purple","Trumpet","Zygomorphic","Upright","Hidden","Weak-No","Vivid","Purple","Present",5.1243125,4.5085,9.54098945279866,15.355,2.29074008501316,0.349860404124969,0.31056638197741,0.33957321389762,0.154994325268357,0,1,0.5,0,0,1,1,160,32,240,0,0,0,0,1,0,0,0
"ANESP1_650_WET","ANESP1",650,"WET","Herb","Aneilema sp 1","Open","Zygomorphic","Horizontal","Exposed","Weak-No","Drab","White","Absent",0.614,0,NA,NA,NA,NA,NA,NA,0.0278571930258369,1,1,1,1,0,0,0,255,255,255,0,0,0,0,0,0,1,0
"BEGAMP_650_WET","BEGAMP",650,"WET","Epiphyte","Begonia ampla","Open","Zygomorphic","Horizontal","Exposed","Weak-No","Vivid","White","Present",2.622625,0,NA,NA,0.00030625,NA,NA,NA,0.0924517212195225,1,1,1,1,0,1,1,255,255,255,0,0,0,0,0,0,1,0
"BEGMAC_650_WET","BEGMAC",650,"WET","Herb","Begonia macrocarpa","Open","Zygomorphic","Horizontal","Exposed","Weak-No","Vivid","White","Present",1.0421,0,NA,NA,0.000746666666666667,NA,NA,NA,0.0629305958898131,1,1,1,1,0,1,1,255,255,255,0,0,0,0,0,0,1,0
"BEGMAN_650_WET","BEGMAN",650,"WET","Herb","Begonia mannii","Open","Zygomorphic","All","Exposed","Weak-No","Vivid","Red","Absent",1.5245,0,NA,NA,0.00459615384615385,0.471349795801069,0.523061968904813,0.00558823529411765,0.295206888884681,1,1,0,1,0,1,0,255,0,0,0,0,0,0,0,1,0,0
"BEGSCU_650_WET","BEGSCU",650,"WET","Herb","Begonia scutifolia","Open","Zygomorphic","Horizontal","Exposed","Weak-No","Vivid","Yellow","Present",1.16942857142857,0,NA,NA,0.00896923076923077,0.277946668982889,0.205105098584209,0.516948232432902,0,1,1,1,1,0,1,1,255,255,0,0,0,0,0,0,0,0,1
"BERRAC_650_WET","BERRAC",650,"WET","Shrub","Bertiera racemosa","Tube","Actinomorphic","Horizontal","Hidden","Weak-No","Vivid","White","Absent",0.655333333333333,2.07266666666667,2.73026315789474,18.4333333333333,0.62828920252193,0.451425691357304,0.307457139323934,0.241117169318762,0.161187139358799,0,0,1,0,0,1,0,255,255,255,0,0,0,0,0,0,1,0
"CHASCI_650_WET","CHASCI",650,"WET","Shrub","Chazaliella sciadephora","Bell","Actinomorphic","All","Exposed","Weak-No","Drab","White","Absent",0.478714285714286,0.243571428571429,NA,NA,NA,NA,NA,NA,0.168653087744455,0,0,0,1,0,0,0,255,255,255,0,0,0,0,0,0,1,0
"CHLCOM_650_WET","CHLCOM",650,"WET","Herb","Chlorophytum comosum","Stellate","Actinomorphic","All","Exposed","Weak-No","Drab","White","Absent",0.6308,0,NA,NA,0.0146571428571429,0.494618040958154,0.503431237106125,0.00195072193572185,0.0660416236756056,1,0,0,1,0,0,0,255,255,255,0,0,0,0,0,0,1,0
"CLESIL_650_WET","CLESIL",650,"WET","Climber","Clerodendrum silvanum","Salverform","Actinomorphic","All","Exposed","Strong ","Vivid","White","Absent",1.3895,1.2433,2.42804276315789,10.96,0.226295401234858,0.204357915056633,0.142315574211049,0.653326510732317,0.185782408258307,0,0,0,1,0,1,0,255,255,255,0,0,0,0,0,0,1,0
"COSDIN_650_WET","COSDIN",650,"WET","Herb","Costus dinklagei","Tube","Zygomorphic","Horizontal","Hidden","Weak-No","Vivid","Pink","Present",3.769,3.04,NA,NA,NA,NA,NA,NA,0,0,1,1,0,0,1,1,255,192,203,0,0,0,1,0,0,0,0
"COSENG_650_WET","COSENG",650,"WET","Herb","Paracostus englerianus","Tube","Zygomorphic","Horizontal","Hidden","Weak-No","Vivid","White","Present",2.248,3.99533333333333,4.11184210526316,1.15,0.0519790090460526,NA,NA,NA,0.0626622188196317,0,1,1,0,0,1,1,255,255,255,0,0,0,0,0,0,1,0
"DISSP1_650_WET","DISSP1",650,"WET","Herb","Dischistocalyx sp 1","Tube","Actinomorphic","Upright","Hidden","Weak-No","Vivid","Purple","Present",1.9894,2.4218,4.77974828375286,15.2434782608696,0.655031683312247,0.305426788066689,0.180396514683555,0.514176697249756,0.12878653801873,0,0,0.5,0,0,1,1,160,32,240,0,0,0,0,1,0,0,0
"IMPHIA_650_WET","IMPHIA",650,"WET","Herb","Impatiens hians","Gullet","Zygomorphic","Horizontal","Exposed","Weak-No","Vivid","Red","Absent",2.95138888888889,3.57377777777778,7.40359082229383,16.6785714285714,1.61312530790537,0.0171988358770979,0.0293698735923644,0.953431290530538,0.465269915381153,0,1,1,1,0,1,0,255,0,0,0,0,0,0,0,1,0,0
"IMPMAC_650_WET","IMPMAC",650,"WET","Herb","Impatiens macroptera","Gullet","Zygomorphic","Horizontal","Exposed","Weak-No","Vivid","Pink","Absent",2.6141,1.4807,3.09817077415762,22.8096153846154,0.754631156051416,0.0689023769761184,0.0490237665870517,0.88207385643683,0.116004348306735,0,1,1,1,0,1,0,255,192,203,0,0,0,1,0,0,0,0
"IMPNIA_650_WET","IMPNIA",650,"WET","Epiphyte","Impatiens niamniamensis","Gullet","Zygomorphic","Horizontal","Exposed","Weak-No","Vivid","Red","Absent",2.0146,2.1059,9.75907029478458,15.9861111111111,1.74866011202379,0.0879124630119193,0.0916280907336737,0.820459446254407,0.0447454196981882,0,1,1,1,0,1,0,255,0,0,0,0,0,0,0,1,0,0
"IXONEM_650_WET","IXONEM",650,"WET","Shrub","Ixora nematopoda","Salverform","Actinomorphic","Pendant","Exposed","Strong ","Vivid","White","Absent",2.465,0.5805,NA,NA,NA,NA,NA,NA,0.684399181084869,0,0,0,1,0,1,0,255,255,255,0,0,0,0,0,0,1,0
"JUSLAX_650_WET","JUSLAX",650,"WET","Herb","Justicia laxa","Gullet","Zygomorphic","Horizontal","Exposed","Weak-No","Drab","White","Absent",0.8377,0.6152,3.23684210526316,16.12,0.549468154517544,0.569253092863858,0.427561568764078,0.00318533837206388,0.41521055334078,0,1,1,1,0,0,0,255,255,255,0,0,0,0,0,0,1,0
"JUSTRI_650_WET","JUSTRI",650,"WET","Herb","Justicia tristis","Gullet","Zygomorphic","Upright","Exposed","Weak-No","Drab","Red","Absent",0.582,0.406666666666667,NA,NA,NA,NA,NA,NA,0.069399437220216,0,1,0.5,1,0,0,0,255,0,0,0,0,0,0,0,1,0,0
"LEEGUI_650_WET","LEEGUI",650,"WET","Shrub","Leea guineensis","Bell","Actinomorphic","Upright","Exposed","Weak-No","Vivid","Orange","Absent",0.575,0.3765,6.31578947368421,13.45,0.835819321546053,0.0702550461586606,0.116726646847129,0.813018306994211,0.165611091912266,0,0,0.5,1,0,1,0,255,165,0,0,0,1,0,0,0,0,0
"NEPPOI_650_WET","NEPPOI",650,"WET","Herb","Nephthytis poissonii","Open","Actinomorphic","Horizontal","Exposed","Weak-No","Drab","White","Absent",0.17525,0,NA,NA,0.00243076923076923,NA,NA,NA,0.0473409614903865,1,0,1,1,0,0,0,255,255,255,0,0,0,0,0,0,1,0
"PALBAR_650_WET","PALBAR",650,"WET","Herb","Palisota barteri","Open","Actinomorphic","Horizontal","Exposed","Weak-No","Drab","White","Absent",0.912285714285714,0,NA,NA,0.000891265154598488,0.290983606557377,0.245901639344262,0.463114754098361,0.0988311766461039,1,0,1,1,0,0,0,255,255,255,0,0,0,0,0,0,1,0
"PHRKAM_650_WET","PHRKAM",650,"WET","Epiphyte","Phragmanthera kamerunensis","Tube","Zygomorphic","Upright","Exposed","Weak-No","Vivid","Orange","Absent",0.925,7.46,NA,NA,NA,NA,NA,NA,1,0,1,0.5,1,0,1,0,255,165,0,0,0,1,0,0,0,0,0
"PLEDEC_650_WET","PLEDEC",650,"WET","Herb","Plectranthus decurrens","Labiate","Zygomorphic","Horizontal","Hidden","Weak-No","Vivid","Yellow","Absent",0.8742,0.6996,0.783208020050125,17.8692307692308,0.105834123750953,0.207520561528162,0.046920155626089,0.745559282845749,0.119752516673767,0,1,1,0,0,1,0,255,255,0,0,0,0,0,0,0,0,1
"PREKAM_650_WET","PREKAM",650,"WET","Epiphyte","Preussiella kamerunensis","Dish","Actinomorphic","Upright","Partially exposed","Weak-No","Vivid","Pink","Absent",2.02314285714286,0,2.76315789473684,23,0.280846554111842,NA,NA,NA,0.0447454196981882,1,0,0.5,0.5,0,1,0,255,192,203,0,0,0,1,0,0,0,0
"PSYGLO_650_WET","PSYGLO",650,"WET","Shrub","Psychotria globiceps","Open","Actinomorphic","Upright","Exposed","Weak-No","Drab","White","Absent",0.3675,0.176,NA,NA,NA,NA,NA,NA,0.0178953239201205,1,0,0.5,1,0,0,0,255,255,255,0,0,0,0,0,0,1,0
"PSYLEP_650_WET","PSYLEP",650,"WET","Shrub","Psychotria leptophylla","Bell","Actinomorphic","Upright","Exposed","Weak-No","Drab","White","Absent",0.2982,0.1862,NA,NA,0.0931625,0.345579636475736,0.338192380815533,0.316227982708731,0.0426319197093573,0,0,0.5,1,0,0,0,255,255,255,0,0,0,0,0,0,1,0
"PSYTHO_650_WET","PSYTHO",650,"WET","Shrub","Psychotria thonneri","Tube","Actinomorphic","Pendant","Exposed","Weak-No","Drab","White","Absent",0.5028,1.1736,1.18421052631579,4.46666666666667,0.0946043338580827,0.114278271490668,0.0777271805105332,0.807994547998799,0.0918067985581845,0,0,0,1,0,0,0,255,255,255,0,0,0,0,0,0,1,0
"SOLTER_650_WET","SOLTER",650,"WET","Climber","Solanum terminale subsp inconstans","Stellate","Actinomorphic","Upright","Exposed","Weak-No","Vivid","Purple","Absent",1.7255,0,NA,NA,0.000892857142857143,NA,NA,NA,0.32682609074354,1,0,0.5,1,0,1,0,160,32,240,0,0,0,0,1,0,0,0
"ACASTR_1100_WET","ACASTR",1100,"WET","Herb","Streptocarpus strigosus","Tube","Actinomorphic","All","Hidden","Weak-No","Vivid","Purple","Present",1.18438461538462,1.68284615384615,1.43092105263158,4.5625,0.0609791699561404,0.0374314812782835,0.0327422839560267,0.92982623476569,0.233609698453781,0,0,0,0,0,1,1,160,32,240,0,0,0,0,1,0,0,0
"ANCDIF_1100_WET","ANCDIF",1100,"WET","Herb","Anchomanes difformis","Open","Actinomorphic","Horizontal","Exposed","Strong ","Drab","White","Absent",0.245777777777778,0,NA,NA,0.00399523809523809,0.144476557482338,0.243192035966602,0.61233140655106,0.641160382640536,1,0,1,1,0,0,0,255,255,255,0,0,0,0,0,0,1,0
"BASALB_1100_WET","BASALB",1100,"WET","Climber","Basella alba","Urceolate","Actinomorphic","Horizontal","Exposed","Weak-No","Vivid","White","Absent",0.2262,0.5388,NA,NA,0.00837179487179487,0.0732261838456529,0.202386616460268,0.72438719969408,0.163863676215347,0,0,1,1,0,1,0,255,255,255,0,0,0,0,0,0,1,0
"BEGAMP_1100_WET","BEGAMP",1100,"WET","Epiphyte","Begonia ampla","Open","Zygomorphic","Horizontal","Exposed","Weak-No","Vivid","White","Present",2.622625,0,NA,NA,0.00030625,NA,NA,NA,0.257355142973556,1,1,1,1,0,1,1,255,255,255,0,0,0,0,0,0,1,0
"BEGMAN_1100_WET","BEGMAN",1100,"WET","Herb","Begonia mannii","Open","Zygomorphic","All","Exposed","Weak-No","Vivid","Red","Absent",1.5245,0,NA,NA,0.00459615384615385,0.471349795801069,0.523061968904813,0.00558823529411765,0.163125230952467,1,1,0,1,0,1,0,255,0,0,0,0,0,0,0,1,0,0
"BEGOXY_1100_WET","BEGOXY",1100,"WET","Herb","Begonia oxyloba","Open","Zygomorphic","Horizontal","Exposed","Weak-No","Vivid","Pink","Present",1.1908,0,NA,NA,0.000967204301075269,NA,NA,NA,0.166314152280045,1,1,1,1,0,1,1,255,192,203,0,0,0,1,0,0,0,0
"BEGSCU_1100_WET","BEGSCU",1100,"WET","Herb","Begonia scutifolia","Open","Zygomorphic","Horizontal","Exposed","Weak-No","Vivid","Yellow","Present",1.16942857142857,0,NA,NA,0.00896923076923077,0.277946668982889,0.205105098584209,0.516948232432902,0.514107329885015,1,1,1,1,0,1,1,255,255,0,0,0,0,0,0,0,0,1
"CALSYL_1100_WET","CALSYL",1100,"WET","Herb","Calanthe sylvatica","Funnel","Zygomorphic","Horizontal","Exposed","Weak-No","Vivid","Purple","Absent",2.10577,2.2196,0.475328947368421,1.8,0.00572322838541667,NA,NA,NA,0.278799594394261,0,1,1,1,0,1,0,160,32,240,0,0,0,0,1,0,0,0
"COSDUB_1100_WET","COSDUB",1100,"WET","Herb","Costus dubius","Tube","Zygomorphic","Upright","Hidden","Strong ","Vivid","White","Present",3.1411,3.674,10.8728070175439,14.3166666666667,1.82266177427632,0.0758603325458263,0.152582181471493,0.771557485982681,0.374543395377255,0,1,0.5,0,0,1,1,255,255,255,0,0,0,0,0,0,1,0
"CRAMON_1100_WET","CRAMON",1100,"WET","Herb","Crassocephalum montuosum","Tube","Actinomorphic","All","Exposed","Strong ","Vivid","Orange","Absent",0.6139,0.7089,NA,NA,0.00259007092198582,0.275172073442006,0.360266632222594,0.3645612943354,0.514879280183582,0,0,0,1,0,1,0,255,165,0,0,0,1,0,0,0,0,0
"IMPETI_1100_WET","IMPETI",1100,"WET","Epiphyte","Impatiens etindensis","Gullet","Zygomorphic","Horizontal","Exposed","Weak-No","Vivid","Red","Present",2.027,1.84814285714286,6.18894736842105,16.7,1.1515535225,0,0,0,0.280569561149073,0,1,1,1,0,1,1,255,0,0,0,0,0,0,0,1,0,0
"IMPFRI_1100_WET","IMPFRI",1100,"WET","Epiphyte","Impatiens frithii","Gullet","Zygomorphic","Horizontal","Exposed","Weak-No","Vivid","Red","Absent",1.6173,2.5836,5.27412280701754,16.12,0.957266116566986,0.072284790466165,0.078060888550441,0.849654320983394,0.20146665724389,0,1,1,1,0,1,0,255,0,0,0,0,0,0,0,1,0,0
"IMPHIA_1100_WET","IMPHIA",1100,"WET","Herb","Impatiens hians","Gullet","Zygomorphic","Horizontal","Exposed","Weak-No","Vivid","Red","Absent",2.95138888888889,3.57377777777778,7.40359082229383,16.6785714285714,1.61312530790537,0.0171988358770979,0.0293698735923644,0.953431290530538,0.376577810049718,0,1,1,1,0,1,0,255,0,0,0,0,0,0,0,1,0,0
"IMPMAC_1100_WET","IMPMAC",1100,"WET","Herb","Impatiens macroptera","Gullet","Zygomorphic","Horizontal","Exposed","Weak-No","Vivid","Pink","Absent",2.6141,1.4807,3.09817077415762,22.8096153846154,0.754631156051416,0.0689023769761184,0.0490237665870517,0.88207385643683,0.184025949801147,0,1,1,1,0,1,0,255,192,203,0,0,0,1,0,0,0,0
"IMPMAN_1100_WET","IMPMAN",1100,"WET","Herb","Impatiens mannii","Gullet","Zygomorphic","Horizontal","Partially exposed","Weak-No","Vivid","White","Present",2.27125,1.0241,0.646929824561403,33.05,0.0521780470394737,0.209529361268593,0.150904873576115,0.639565765155292,0.385684705775428,0,1,1,0.5,0,1,1,255,255,255,0,0,0,0,0,0,1,0
"IMPNIA_1100_WET","IMPNIA",1100,"WET","Epiphyte","Impatiens niamniamensis","Gullet","Zygomorphic","Horizontal","Exposed","Weak-No","Vivid","Red","Absent",2.0146,2.1059,9.75907029478458,15.9861111111111,1.74866011202379,0.0879124630119193,0.0916280907336737,0.820459446254407,0.441139440139251,0,1,1,1,0,1,0,255,0,0,0,0,0,0,0,1,0,0
"LEEGUI_1100_WET","LEEGUI",1100,"WET","Shrub","Leea guineensis","Bell","Actinomorphic","Upright","Exposed","Weak-No","Vivid","Orange","Absent",0.575,0.3765,6.31578947368421,13.45,0.835819321546053,0.0702550461586606,0.116726646847129,0.813018306994211,0.498227198918998,0,0,0.5,1,0,1,0,255,165,0,0,0,1,0,0,0,0,0
"MELSCA_1100_WET","MELSCA",1100,"WET","Climber","Melanthera scandens","Tube","Actinomorphic","Upright","Exposed","Weak-No","Vivid","Orange","Absent",0.168,0.2417,NA,NA,0.00290481720525581,0.307619246814574,0.252389304213561,0.439991448971866,0.666850127503615,0,0,0.5,1,0,1,0,255,165,0,0,0,1,0,0,0,0,0
"MUSTEN_1100_WET","MUSTEN",1100,"WET","Climber","Mussaenda tenuiflora","Tube","Actinomorphic","Upright","Hidden","Weak-No","Vivid","Yellow","Present",1.13066666666667,2.91644444444444,4.79964114832536,20.02,1.25549835226608,0.0325858276224516,0.0300769971297471,0.937337175247801,0.13879325947189,0,0,0.5,0,0,1,1,255,255,0,0,0,0,0,0,0,0,1
"PIPCAP_1100_WET","PIPCAP",1100,"WET","Shrub","Piper capense","Open","Actinomorphic","Horizontal","Exposed","Weak-No","Drab","White","Absent",0.0838,0,NA,NA,0.000165799645250312,NA,NA,NA,0.209096057409165,1,0,1,1,0,0,0,255,255,255,0,0,0,0,0,0,1,0
"PLEDEC_1100_WET","PLEDEC",1100,"WET","Herb","Plectranthus decurrens","Labiate","Zygomorphic","Horizontal","Hidden","Weak-No","Vivid","Yellow","Absent",0.8742,0.6996,0.783208020050125,17.8692307692308,0.105834123750953,0.207520561528162,0.046920155626089,0.745559282845749,0.402875561340272,0,1,1,0,0,1,0,255,255,0,0,0,0,0,0,0,0,1
"PSYTHO_1100_WET","PSYTHO",1100,"WET","Shrub","Psychotria thonneri","Tube","Actinomorphic","Pendant","Exposed","Weak-No","Drab","White","Absent",0.5028,1.1736,1.18421052631579,4.46666666666667,0.0946043338580827,0.114278271490668,0.0777271805105332,0.807994547998799,0.129247044946009,0,0,0,1,0,0,0,255,255,255,0,0,0,0,0,0,1,0
"SABPIL_1100_WET","SABPIL",1100,"WET","Climber","Sabicea pilosa","Tube","Actinomorphic","Upright","Partially exposed","Weak-No","Vivid","White","Absent",0.6761,2.3245,8.39569627192982,17.3933333333333,1.65333680101909,0.170521606539767,0.149172780981549,0.680305612478684,0.424340575162581,0,0,0.5,0.5,0,1,0,255,255,255,0,0,0,0,0,0,1,0
"SOLSP1_1100_WET","SOLSP1",1100,"WET","Herb","Plectranthus epilithicus","Gullet","Zygomorphic","Horizontal","Hidden","Weak-No","Vivid","Purple","Absent",0.44275,0.501,NA,NA,NA,NA,NA,NA,0.116695708983256,0,1,1,0,0,1,0,160,32,240,0,0,0,0,1,0,0,0
"THOSAN_1100_WET","THOSAN",1100,"WET","Herb","Thonningia sanguinea","Bell","Actinomorphic","Upright","Hidden","Weak-No","Vivid","Red","Absent",4.06218181818182,0,347.692307692308,12.7384615384615,50.0997418057692,0,0,0,0.492746971116073,0,0,0.5,0,0,1,0,255,0,0,0,0,0,0,0,1,0,0
"THUFAS_1100_WET","THUFAS",1100,"WET","Climber","Thunbergia fasciculata","Trumpet","Zygomorphic","Horizontal","Hidden","Weak-No","Vivid","Purple","Present",5.1468,4.5162,6.08552631578948,13.68,1.08987154694549,0.088584785680559,0.107232205074458,0.804183009244983,0.131093617172847,0,1,1,0,0,1,1,160,32,240,0,0,0,0,1,0,0,0
"ANGGRA_1450_WET","ANGGRA",1450,"WET","Epiphyte","Angraecopsis gracillima","Trumpet","Zygomorphic","Pendant","Exposed","Weak-No","Vivid","White","Absent",1.2885,3.318,NA,NA,0.0518875,0.112725148863017,0.173347638183267,0.713927212953716,0.248600095949921,0,1,0,1,0,1,0,255,255,255,0,0,0,0,0,0,1,0
"BEGOXT_1450_WET","BEGOXT",1450,"WET","Herb","Begonia oxyanthera","Open","Zygomorphic","Horizontal","Exposed","Weak-No","Drab","White","Present",1.3856,0,NA,NA,0.00094225,NA,NA,NA,0,1,1,1,1,0,0,1,255,255,255,0,0,0,0,0,0,1,0
"BEGOXY_1450_WET","BEGOXY",1450,"WET","Herb","Begonia oxyloba","Open","Zygomorphic","Horizontal","Exposed","Weak-No","Vivid","Pink","Present",1.1908,0,NA,NA,0.000967204301075269,NA,NA,NA,0.0409324540434841,1,1,1,1,0,1,1,255,192,203,0,0,0,1,0,0,0,0
"BEGPOC_1450_WET","BEGPOC",1450,"WET","Epiphyte","Begonia poculifera","Open","Zygomorphic","Horizontal","Exposed","Weak-No","Vivid","White","Absent",2.6235,0,NA,NA,0.00125555555555556,NA,NA,NA,0.111506744969646,1,1,1,1,0,1,0,255,255,255,0,0,0,0,0,0,1,0
"BULINT_1450_WET","BULINT",1450,"WET","Epiphyte","Bulbophyllum intertextum","Bowl","Zygomorphic","Upright","Exposed","Weak-No","Drab","Green","Absent",0.5726,0,NA,NA,0.00178888888888889,NA,NA,NA,0.275905425521492,1,1,0.5,1,0,0,0,0,255,0,0,1,0,0,0,0,0,0
"CHALAI_1450_WET","CHALAI",1450,"WET","Shrub","Chassalia laikomensis","Bell","Actinomorphic","All","Exposed","Strong ","Vivid","White","Absent",0.832285714285714,0.743142857142857,1.25796261487051,9.78333333333333,0.102455888964599,0.329657815538288,0.258794847582347,0.411547336879365,0.152819558450478,0,0,0,1,0,1,0,255,255,255,0,0,0,0,0,0,1,0
"CHLCOM_1450_WET","CHLCOM",1450,"WET","Herb","Chlorophytum comosum","Stellate","Actinomorphic","All","Exposed","Weak-No","Drab","White","Absent",0.6308,0,NA,NA,0.0146571428571429,0.494618040958154,0.503431237106125,0.00195072193572185,0.105791564600441,1,0,0,1,0,0,0,255,255,255,0,0,0,0,0,0,1,0
"CLESIL_1450_WET","CLESIL",1450,"WET","Climber","Clerodendrum silvanum","Salverform","Actinomorphic","All","Exposed","Strong ","Vivid","White","Absent",1.3895,1.2433,2.42804276315789,10.96,0.226295401234858,0.204357915056633,0.142315574211049,0.653326510732317,0.318615807529655,0,0,0,1,0,1,0,255,255,255,0,0,0,0,0,0,1,0
"COMCAM_1450_WET","COMCAM",1450,"WET","Herb","Commelina cameroonensis","Open","Zygomorphic","Horizontal","Exposed","Weak-No","Vivid","White","Absent",2.1683,0.4298,NA,NA,NA,NA,NA,NA,0.116086577553452,1,1,1,1,0,1,0,255,255,255,0,0,0,0,0,0,1,0
"CRAMON_1450_WET","CRAMON",1450,"WET","Herb","Crassocephalum montuosum","Tube","Actinomorphic","All","Exposed","Strong ","Vivid","Orange","Absent",0.6139,0.7089,NA,NA,0.00259007092198582,0.275172073442006,0.360266632222594,0.3645612943354,0.291611733685338,0,0,0,1,0,1,0,255,165,0,0,0,1,0,0,0,0,0
"CYNSP1_1450_WET","CYNSP1",1450,"WET","Epiphyte","Cynorkis sp 1","Bowl","Actinomorphic","Horizontal","Hidden","Weak-No","Drab","White","Absent",0.383333333333333,0,NA,NA,NA,NA,NA,NA,0.0630103360160005,1,0,1,0,0,0,0,255,255,255,0,0,0,0,0,0,1,0
"DISKAW_1450_WET","DISKAW",1450,"WET","Herb","Disperis kamerunensis white","Gullet","Zygomorphic","Pendant","Exposed","Weak-No","Vivid","White","Present",1.11583333333333,0.566,0.921052631578947,NA,0.00278181818181818,0.277274425555763,0.476228283205679,0.246497291238558,0.0668334840427959,0,1,0,1,0,1,1,255,255,255,0,0,0,0,0,0,1,0
"EULHOR_1450_WET","EULHOR",1450,"WET","Herb","Eulophia horsfalli","Gullet","Zygomorphic","Pendant","Exposed","Weak-No","Vivid","Purple","Present",3.958,0.681,0.986842105263158,45.3,0.539573945723684,NA,NA,NA,0.282142956636831,0,1,0,1,0,1,1,160,32,240,0,0,0,0,1,0,0,0
"GALSIM_1450_WET","GALSIM",1450,"WET","Herb","Galium simense","Open","Actinomorphic","All","Exposed","Weak-No","Drab","Green","Absent",0.2978,0,NA,NA,0.00177916666666667,NA,NA,NA,0.365991937126835,1,0,0,1,0,0,0,0,255,0,0,1,0,0,0,0,0,0
"IMPBUR_1450_WET","IMPBUR",1450,"WET","Herb","Impatiens burtonii","Gullet","Zygomorphic","Horizontal","Partially exposed","Weak-No","Vivid","Pink","Present",2.9129,1.0358,0.81062030075188,29.68,0.326933730035425,0.141213973128117,0.0758360493632099,0.782949977508674,0.120427007267935,0,1,1,0.5,0,1,1,255,192,203,0,0,0,1,0,0,0,0
"IMPETI_1450_WET","IMPETI",1450,"WET","Epiphyte","Impatiens etindensis","Gullet","Zygomorphic","Horizontal","Exposed","Weak-No","Vivid","Red","Present",2.027,1.84814285714286,6.18894736842105,16.7,1.1515535225,0,0,0,0.0723151453538022,0,1,1,1,0,1,1,255,0,0,0,0,0,0,0,1,0,0
"IMPMAN_1450_WET","IMPMAN",1450,"WET","Herb","Impatiens mannii","Gullet","Zygomorphic","Horizontal","Partially exposed","Weak-No","Vivid","White","Present",2.27125,1.0241,0.646929824561403,33.05,0.0521780470394737,0.209529361268593,0.150904873576115,0.639565765155292,0.212792618994798,0,1,1,0.5,0,1,1,255,255,255,0,0,0,0,0,0,1,0
"IMPNIA_1450_WET","IMPNIA",1450,"WET","Epiphyte","Impatiens niamniamensis","Gullet","Zygomorphic","Horizontal","Exposed","Weak-No","Vivid","Red","Absent",2.0146,2.1059,9.75907029478458,15.9861111111111,1.74866011202379,0.0879124630119193,0.0916280907336737,0.820459446254407,0.374759673424057,0,1,1,1,0,1,0,255,0,0,0,0,0,0,0,1,0,0
"ISOGLA_1450_WET","ISOGLA",1450,"WET","Herb","Isoglossa glandulifera","Tube","Zygomorphic","All","Partially exposed","Weak-No","Vivid","White","Absent",1.808,1.229375,0.776450931249693,6.5,0.0246500257924641,0.0916987540629835,0.136863538508457,0.77143770742856,0.121904297118252,0,1,0,0.5,0,1,0,255,255,255,0,0,0,0,0,0,1,0
"IXOGUI_1450_WET","IXOGUI",1450,"WET","Shrub","Ixora guineensis","Salverform","Actinomorphic","All","Exposed","Strong ","Vivid","White","Absent",1.4318,1.3668,0.556555863342567,10.0375,0.0478230425801809,0.0969296585719886,0.134781489525975,0.768288851902036,0.251857152549394,0,0,0,1,0,1,0,255,255,255,0,0,0,0,0,0,1,0
"MELSCA_1450_WET","MELSCA",1450,"WET","Climber","Melanthera scandens","Tube","Actinomorphic","Upright","Exposed","Weak-No","Vivid","Orange","Absent",0.168,0.2417,NA,NA,0.00290481720525581,0.307619246814574,0.252389304213561,0.439991448971866,0.337650387954031,0,0,0.5,1,0,1,0,255,165,0,0,0,1,0,0,0,0,0
"MOMFOE_1450_WET","MOMFOE",1450,"WET","Climber","Momordica foetida","Dish","Actinomorphic","Horizontal","Exposed","Weak-No","Vivid","Yellow","Present",1.6882,0.4618,NA,NA,0.0607666666666667,0.0528239156730603,0.0753305685156385,0.871845515811301,0.307291994493972,1,0,1,1,0,1,1,255,255,0,0,0,0,0,0,0,0,1
"PIPCAP_1450_WET","PIPCAP",1450,"WET","Shrub","Piper capense","Open","Actinomorphic","Horizontal","Exposed","Weak-No","Drab","White","Absent",0.0838,0,NA,NA,0.000165799645250312,NA,NA,NA,0.0175047286157434,1,0,1,1,0,0,0,255,255,255,0,0,0,0,0,0,1,0
"PLEKAM_1450_WET","PLEKAM",1450,"WET","Herb","Plectranthus kamerunensis","Labiate","Zygomorphic","Horizontal","Hidden","Weak-No","Vivid","Purple","Present",1.0456,0.4296,1.44517543859649,27.9888888888889,0.418830518662779,0.233103822733897,0.043952718277388,0.722943458988714,0.146016785931033,0,1,1,0,0,1,1,160,32,240,0,0,0,0,1,0,0,0
"POLBIC_1450_WET","POLBIC",1450,"WET","Epiphyte","Polystachia bicalcarata","Gullet","Actinomorphic","Pendant","Exposed","Weak-No","Vivid","Pink","Present",0.6772,0.36,0.756578947368421,NA,0.000956410256410256,NA,NA,NA,0.118576922437158,0,0,0,1,0,1,1,255,192,203,0,0,0,1,0,0,0,0
"PREKAM_1450_WET","PREKAM",1450,"WET","Epiphyte","Preussiella kamerunensis","Dish","Actinomorphic","Upright","Partially exposed","Weak-No","Vivid","Pink","Absent",2.02314285714286,0,2.76315789473684,23,0.280846554111842,NA,NA,NA,0.296469678817902,1,0,0.5,0.5,0,1,0,255,192,203,0,0,0,1,0,0,0,0
"SOLTOR_1450_WET","SOLTOR",1450,"WET","Herb","Solanum torvum","Stellate","Actinomorphic","All","Exposed","Weak-No","Vivid","White","Absent",1.458,0,NA,NA,4.375e-05,NA,NA,NA,0.132354735890833,1,0,0,1,0,1,0,255,255,255,0,0,0,0,0,0,1,0
"SPEPRI_1450_WET","SPEPRI",1450,"WET","Herb","Spermacoce princeae","Funnel","Actinomorphic","All","Exposed","Weak-No","Vivid","White","Absent",1.4016,0.4076,0.512218045112782,11,0.0127594462719298,0.125209449106874,0.0769747328831894,0.797815818009937,0.185609255895363,0,0,0,1,0,1,0,255,255,255,0,0,0,0,0,0,1,0
"STAACU_1450_WET","STAACU",1450,"WET","Herb","Stachys aculeolata","Labiate","Zygomorphic","Horizontal","Exposed","Weak-No","Vivid","Purple","Present",0.4862,0.399,0.738304093567252,21.55,0.0585029477683179,0.226051686222731,0.163862593388248,0.610085720389022,0.157077055101764,0,1,1,1,0,1,1,160,32,240,0,0,0,0,1,0,0,0
"THARHY_1450_WET","THARHY",1450,"WET","Herb","Thalictrum rhynchocarpum","Open","Actinomorphic","Pendant","Exposed","Weak-No","Drab","Green","Absent",0.271,0,NA,NA,0.0002334375,NA,NA,NA,0.0644169161727457,1,0,0,1,0,0,0,0,255,0,0,1,0,0,0,0,0,0
"THOSAN_1450_WET","THOSAN",1450,"WET","Herb","Thonningia sanguinea","Bell","Actinomorphic","Upright","Hidden","Weak-No","Vivid","Red","Absent",4.06218181818182,0,347.692307692308,12.7384615384615,50.0997418057692,0,0,0,0.753348711666786,0,0,0.5,0,0,1,0,255,0,0,0,0,0,0,0,1,0,0
"UTRMAN_1450_WET","UTRMAN",1450,"WET","Epiphyte","Utricularia mannii","Open","Zygomorphic","Upright","Hidden","Weak-No","Vivid","Yellow","Present",1.9271,0.6938,NA,NA,0.00123076923076923,NA,NA,NA,0.100109834306135,1,1,0.5,0,0,1,1,255,255,0,0,0,0,0,0,0,0,1
"ACADEC_2250_WET","ACADEC",2250,"WET","Herb","Acanthopale decempedalis","Trumpet","Actinomorphic","Pendant","Partially exposed","Weak-No","Vivid","White","Present",1.85471428571429,2.20092857142857,2.93866175856307,18.0142857142857,0.61240619313397,0.0973422644683681,0.172027163525507,0.730630572006125,0.134235202012276,0,0,0,0.5,0,1,1,255,255,255,0,0,0,0,0,0,1,0
"BEGPOC_2250_WET","BEGPOC",2250,"WET","Epiphyte","Begonia poculifera","Open","Zygomorphic","Horizontal","Exposed","Weak-No","Vivid","White","Absent",2.6235,0,NA,NA,0.00125555555555556,NA,NA,NA,0.229346393626707,1,1,1,1,0,1,0,255,255,255,0,0,0,0,0,0,1,0
"CHALAI_2250_WET","CHALAI",2250,"WET","Shrub","Chassalia laikomensis","Bell","Actinomorphic","All","Exposed","Strong ","Vivid","White","Absent",0.832285714285714,0.743142857142857,1.25796261487051,9.78333333333333,0.102455888964599,0.329657815538288,0.258794847582347,0.411547336879365,0.255330594833884,0,0,0,1,0,1,0,255,255,255,0,0,0,0,0,0,1,0
"CYPMAN_2250_WET","CYPMAN",2250,"WET","Climber","Cyphostemma mannii","Open","Actinomorphic","Upright","Exposed","Weak-No","Drab","Green","Absent",0.4202,0,NA,NA,0.00237083333333333,0.252777777777778,0.0722222222222222,0.675,0.128140548957636,1,0,0.5,1,0,0,0,0,255,0,0,1,0,0,0,0,0,0
"DISKAP_2250_WET","DISKAP",2250,"WET","Herb","Disperis kamerunensis purple","Gullet","Zygomorphic","Pendant","Exposed","Weak-No","Vivid","Purple","Present",1.1011,0.6766,1.31578947368421,NA,0.0117,0.312169312169312,0.186507936507937,0.501322751322751,0.116341872277913,0,1,0,1,0,1,1,160,32,240,0,0,0,0,1,0,0,0
"DISKAW_2250_WET","DISKAW",2250,"WET","Herb","Disperis kamerunensis white","Gullet","Zygomorphic","Pendant","Exposed","Weak-No","Vivid","White","Present",1.11583333333333,0.566,0.921052631578947,NA,0.00278181818181818,0.277274425555763,0.476228283205679,0.246497291238558,0.0725059099544233,0,1,0,1,0,1,1,255,255,255,0,0,0,0,0,0,1,0
"DISNIT_2250_WET","DISNIT",2250,"WET","Herb","Disperis nitida","Gullet","Zygomorphic","Upright","Exposed","Weak-No","Vivid","White","Present",1.4321,0,NA,NA,0.000133333333333333,NA,NA,NA,0.116996958211952,0,1,0.5,1,0,1,1,255,255,255,0,0,0,0,0,0,1,0
"HABAMO_2250_WET","HABAMO",2250,"WET","Herb","Habenaria amoena","Gullet","Zygomorphic","Horizontal","Exposed","Weak-No","Drab","Green","Absent",1.47933333333333,1.17866666666667,0.234962406015038,9,0.0184710487155388,0.360423394330822,0.135693782356861,0.503882823312317,0.106583807620554,0,1,1,1,0,0,0,0,255,0,0,1,0,0,0,0,0,0
"HABMIC_2250_WET","HABMIC",2250,"WET","Herb","Habenaria microceras","Gullet","Zygomorphic","Horizontal","Hidden","Weak-No","Drab","Green","Absent",0.2881,0.1458,NA,NA,6.09337044534413e-05,NA,NA,NA,0.0715890241064589,0,1,1,0,0,0,0,0,255,0,0,1,0,0,0,0,0,0
"IMPSAK_2250_WET","IMPSAK",2250,"WET","Herb","Impatiens sakeriana","Gullet","Zygomorphic","Horizontal","Exposed","Weak-No","Vivid","Red","Present",1.40557142857143,1.817,14.7452297410192,22.4133333333333,3.9033436156533,0.090167451195188,0.0959408222180067,0.813891726586805,0.622911021127321,0,1,1,1,0,1,1,255,0,0,0,0,0,0,0,1,0,0
"ISOGLA_2250_WET","ISOGLA",2250,"WET","Herb","Isoglossa glandulifera","Tube","Zygomorphic","All","Partially exposed","Weak-No","Vivid","White","Absent",1.808,1.229375,0.776450931249693,6.5,0.0246500257924641,0.0916987540629835,0.136863538508457,0.77143770742856,0.239561635281656,0,1,0,0.5,0,1,0,255,255,255,0,0,0,0,0,0,1,0
"LIPDEI_2250_WET","LIPDEI",2250,"WET","Epiphyte","Liparis deistelii","Open","Zygomorphic","Upright","Exposed","Weak-No","Drab","Yellow","Absent",0.872625,0.667,0.164473684210526,NA,0,NA,NA,NA,0.257425319813052,1,1,0.5,1,0,0,0,255,255,0,0,0,0,0,0,0,0,1
"MAELAN_2250_WET","MAELAN",2250,"WET","Tree","Maesa lanceolata","Open","Actinomorphic","All","Exposed","Weak-No","Vivid","White","Absent",0.454428571428571,0.032,0.037593984962406,39.8,0.0045311057499518,0.0311723505019417,0.0366499922105831,0.932177657287475,0.146340823810106,1,0,0,1,0,1,0,255,255,255,0,0,0,0,0,0,1,0
"MOMFOE_2250_WET","MOMFOE",2250,"WET","Climber","Momordica foetida","Dish","Actinomorphic","Horizontal","Exposed","Weak-No","Vivid","Yellow","Present",1.6882,0.4618,NA,NA,0.0607666666666667,0.0528239156730603,0.0753305685156385,0.871845515811301,0.0725059099544233,1,0,1,1,0,1,1,255,255,0,0,0,0,0,0,0,0,1
"PIPCAP_2250_WET","PIPCAP",2250,"WET","Shrub","Piper capense","Open","Actinomorphic","Horizontal","Exposed","Weak-No","Drab","White","Absent",0.0838,0,NA,NA,0.000165799645250312,NA,NA,NA,0.357336567010814,1,0,1,1,0,0,0,255,255,255,0,0,0,0,0,0,1,0
"PSYPED_2250_WET","PSYPED",2250,"WET","Shrub","Psychotria peduncularis","Tube","Actinomorphic","Pendant","Exposed","Weak-No","Drab","White","Absent",0.528833333333333,0.824,2.76534314180513,14.9823529411765,0.369128442594032,0.160287324993908,0.172666395728676,0.667046279277417,0.331745767263939,0,0,0,1,0,0,0,255,255,255,0,0,0,0,0,0,1,0
"RHISPN_2250_WET","RHISPN",2250,"WET","Epiphyte","Rhipidoglossum sp nov","Gullet","Zygomorphic","Horizontal","Exposed","Strong ","Drab","White","Absent",1.2291,1.0668,1.74232456140351,2.275,0.0348483821546053,NA,NA,NA,0.16548097660524,0,1,1,1,0,0,0,255,255,255,0,0,0,0,0,0,1,0
"SCHMAN_2250_WET","SCHMAN",2250,"WET","Tree","Schefflera mannii","Open","Actinomorphic","All","Exposed","Weak-No","Drab","Green","Absent",0.7255,0,0.22593984962406,22.94,0.0392521121938776,0.532518078965792,0.369870972552122,0.097610948482086,0.350039466757303,1,0,0,1,0,0,0,0,255,0,0,1,0,0,0,0,0,0
"SOLNIG_2250_WET","SOLNIG",2250,"WET","Herb","Solanum nigrum","Stellate","Actinomorphic","All","Exposed","Weak-No","Vivid","White","Present",1.0004,0.3304,NA,NA,0.00219122807017544,NA,NA,NA,0.463747045022788,1,0,0,1,0,1,1,255,255,255,0,0,0,0,0,0,1,0
"SOLTOR_2250_WET","SOLTOR",2250,"WET","Herb","Solanum torvum","Stellate","Actinomorphic","All","Exposed","Weak-No","Vivid","White","Absent",1.458,0,NA,NA,4.375e-05,NA,NA,NA,0.292681376072784,1,0,0,1,0,1,0,255,255,255,0,0,0,0,0,0,1,0
"SPEPRI_2250_WET","SPEPRI",2250,"WET","Herb","Spermacoce princeae","Funnel","Actinomorphic","All","Exposed","Weak-No","Vivid","White","Absent",1.4016,0.4076,0.512218045112782,11,0.0127594462719298,0.125209449106874,0.0769747328831894,0.797815818009937,0.383118726173477,0,0,0,1,0,1,0,255,255,255,0,0,0,0,0,0,1,0
"STEABY_2250_WET","STEABY",2250,"WET","Climber","Stephania abyssinica","Dish","Actinomorphic","Upright","Exposed","Weak-No","Drab","Red","Present",0.2482,0,NA,NA,3.10727813852814e-05,NA,NA,NA,0.257425319813052,1,0,0.5,1,0,0,1,255,0,0,0,0,0,0,0,1,0,0
"THARHY_2250_WET","THARHY",2250,"WET","Herb","Thalictrum rhynchocarpum","Open","Actinomorphic","Pendant","Exposed","Weak-No","Drab","Green","Absent",0.271,0,NA,NA,0.0002334375,NA,NA,NA,0.585750696967622,1,0,0,1,0,0,0,0,255,0,0,1,0,0,0,0,0,0
"UTRMAN_2250_WET","UTRMAN",2250,"WET","Epiphyte","Utricularia mannii","Open","Zygomorphic","Upright","Hidden","Weak-No","Vivid","Yellow","Present",1.9271,0.6938,NA,NA,0.00123076923076923,NA,NA,NA,0.143662288622588,1,1,0.5,0,0,1,1,255,255,0,0,0,0,0,0,0,0,1
