"","sp_code","season","elevation","species","plant_group","shape_upd","symmetry","flower_pos","anther_pos","odour","brightness","colour","nectar_guides","size","tube_length","volume","concentration","sugar_amount","glucose","fructose","saccharose"
"1","ACADEC","DRY",2250,"Acanthopale decempedalis","Herb","Trumpet","Actinomorphic","Pendant","Partially exposed","Weak-No","Vivid","White","Present",1.85471428571429,2.20092857142857,2.93866175856307,18.0142857142857,0.61240619313397,0.0973422644683681,0.172027163525507,0.730630572006125
"2","ACADEC","WET",2250,"Acanthopale decempedalis","Herb","Trumpet","Actinomorphic","Pendant","Partially exposed","Weak-No","Vivid","White","Present",1.85471428571429,2.20092857142857,2.93866175856307,18.0142857142857,0.61240619313397,0.0973422644683681,0.172027163525507,0.730630572006125
"3","ACASTR","DRY",650,"Streptocarpus strigosus","Herb","Tube","Actinomorphic","All","Hidden","Weak-No","Vivid","Purple","Present",1.18438461538462,1.68284615384615,1.43092105263158,4.5625,0.0609791699561404,0.0374314812782835,0.0327422839560267,0.92982623476569
"4","ACASTR","DRY",1100,"Streptocarpus strigosus","Herb","Tube","Actinomorphic","All","Hidden","Weak-No","Vivid","Purple","Present",1.18438461538462,1.68284615384615,1.43092105263158,4.5625,0.0609791699561404,0.0374314812782835,0.0327422839560267,0.92982623476569
"5","ACASTR","WET",650,"Streptocarpus strigosus","Herb","Tube","Actinomorphic","All","Hidden","Weak-No","Vivid","Purple","Present",1.18438461538462,1.68284615384615,1.43092105263158,4.5625,0.0609791699561404,0.0374314812782835,0.0327422839560267,0.92982623476569
"6","ACASTR","WET",1100,"Streptocarpus strigosus","Herb","Tube","Actinomorphic","All","Hidden","Weak-No","Vivid","Purple","Present",1.18438461538462,1.68284615384615,1.43092105263158,4.5625,0.0609791699561404,0.0374314812782835,0.0327422839560267,0.92982623476569
"7","AFRSPP","DRY",650,"Aframomum sp purple","Herb","Trumpet","Zygomorphic","Upright","Hidden","Weak-No","Vivid","Purple","Present",5.1243125,4.5085,9.54098945279866,15.355,2.29074008501316,0.349860404124969,0.31056638197741,0.33957321389762
"8","AFRSPP","DRY",1100,"Aframomum sp purple","Herb","Trumpet","Zygomorphic","Upright","Hidden","Weak-No","Vivid","Purple","Present",5.1243125,4.5085,9.54098945279866,15.355,2.29074008501316,0.349860404124969,0.31056638197741,0.33957321389762
"9","AFRSPP","DRY",1450,"Aframomum sp purple","Herb","Trumpet","Zygomorphic","Upright","Hidden","Weak-No","Vivid","Purple","Present",5.1243125,4.5085,9.54098945279866,15.355,2.29074008501316,0.349860404124969,0.31056638197741,0.33957321389762
"10","AFRSPP","WET",650,"Aframomum sp purple","Herb","Trumpet","Zygomorphic","Upright","Hidden","Weak-No","Vivid","Purple","Present",5.1243125,4.5085,9.54098945279866,15.355,2.29074008501316,0.349860404124969,0.31056638197741,0.33957321389762
"11","AFRSPW","DRY",1450,"Aframomum sp white","Herb","Trumpet","Zygomorphic","Upright","Hidden","Weak-No","Vivid","White","Present",2.99666666666667,4.32666666666667,89.4742105263158,17.0666666666667,21.8033889392857,0.370416393112431,0.358760831900134,0.270822774987435
"12","ANCDIF","DRY",1100,"Anchomanes difformis","Herb","Open","Actinomorphic","Horizontal","Exposed","Strong ","Drab","White","Absent",0.245777777777778,0,NA,NA,0.00399523809523809,0.144476557482338,0.243192035966602,0.61233140655106
"13","ANCDIF","WET",1100,"Anchomanes difformis","Herb","Open","Actinomorphic","Horizontal","Exposed","Strong ","Drab","White","Absent",0.245777777777778,0,NA,NA,0.00399523809523809,0.144476557482338,0.243192035966602,0.61233140655106
"14","ANESP1","DRY",1100,"Aneilema sp 1","Herb","Open","Zygomorphic","Horizontal","Exposed","Weak-No","Drab","White","Absent",0.614,0,NA,NA,NA,NA,NA,NA
"15","ANESP1","WET",650,"Aneilema sp 1","Herb","Open","Zygomorphic","Horizontal","Exposed","Weak-No","Drab","White","Absent",0.614,0,NA,NA,NA,NA,NA,NA
"16","ANGGRA","WET",1450,"Angraecopsis gracillima","Epiphyte","Trumpet","Zygomorphic","Pendant","Exposed","Weak-No","Vivid","White","Absent",1.2885,3.318,NA,NA,0.0518875,0.112725148863017,0.173347638183267,0.713927212953716
"17","ANTSCA","DRY",2250,"Anthocleista scandens","Climber","Trumpet","Actinomorphic","Upright","Exposed","Weak-No","Vivid","White","Absent",5.678,3.9928,1440.625,17.8222222222222,283.14614818125,0.336876291703572,0.389725420726307,0.273398287570121
"18","APOPAL","DRY",1450,"Apodostigma pallens","Climber","Open","Actinomorphic","Horizontal","Exposed","Weak-No","Drab","Green","Absent",0.34,0,NA,NA,NA,NA,NA,NA
"19","ARGAFZ","DRY",1100,"Argocoffeopsis afzelii","Climber","Salverform","Actinomorphic","Upright","Exposed","Strong ","Vivid","White","Absent",1.7094,0.19,NA,NA,0.0810861111111111,0.350832430653308,0.29393515052871,0.355232418817982
"20","BASALB","WET",1100,"Basella alba","Climber","Urceolate","Actinomorphic","Horizontal","Exposed","Weak-No","Vivid","White","Absent",0.2262,0.5388,NA,NA,0.00837179487179487,0.0732261838456529,0.202386616460268,0.72438719969408
"21","BEGAMP","DRY",650,"Begonia ampla","Epiphyte","Open","Zygomorphic","Horizontal","Exposed","Weak-No","Vivid","White","Present",2.622625,0,NA,NA,0.00030625,NA,NA,NA
"22","BEGAMP","WET",650,"Begonia ampla","Epiphyte","Open","Zygomorphic","Horizontal","Exposed","Weak-No","Vivid","White","Present",2.622625,0,NA,NA,0.00030625,NA,NA,NA
"23","BEGAMP","WET",1100,"Begonia ampla","Epiphyte","Open","Zygomorphic","Horizontal","Exposed","Weak-No","Vivid","White","Present",2.622625,0,NA,NA,0.00030625,NA,NA,NA
"24","BEGFUS","DRY",650,"Begonia fusialata","Herb","Open","Zygomorphic","Horizontal","Exposed","Weak-No","Drab","White","Present",0.9329,0,NA,NA,0.00491923076923077,0.411347517730496,0.574468085106383,0.0141843971631206
"25","BEGFUS","DRY",1100,"Begonia fusialata","Herb","Open","Zygomorphic","Horizontal","Exposed","Weak-No","Drab","White","Present",0.9329,0,NA,NA,0.00491923076923077,0.411347517730496,0.574468085106383,0.0141843971631206
"26","BEGLET","DRY",650,"Begonia letouzeyi","Herb","Open","Zygomorphic","Horizontal","Exposed","Weak-No","Vivid","Yellow","Present",2.0845,0,NA,NA,0.00418839285714286,0.175324675324675,0.142857142857143,0.681818181818182
"27","BEGLET","DRY",1100,"Begonia letouzeyi","Herb","Open","Zygomorphic","Horizontal","Exposed","Weak-No","Vivid","Yellow","Present",2.0845,0,NA,NA,0.00418839285714286,0.175324675324675,0.142857142857143,0.681818181818182
"28","BEGMAC","WET",650,"Begonia macrocarpa","Herb","Open","Zygomorphic","Horizontal","Exposed","Weak-No","Vivid","White","Present",1.0421,0,NA,NA,0.000746666666666667,NA,NA,NA
"29","BEGMAN","DRY",650,"Begonia mannii","Herb","Open","Zygomorphic","All","Exposed","Weak-No","Vivid","Red","Absent",1.5245,0,NA,NA,0.00459615384615385,0.471349795801069,0.523061968904813,0.00558823529411765
"30","BEGMAN","DRY",1100,"Begonia mannii","Herb","Open","Zygomorphic","All","Exposed","Weak-No","Vivid","Red","Absent",1.5245,0,NA,NA,0.00459615384615385,0.471349795801069,0.523061968904813,0.00558823529411765
"31","BEGMAN","DRY",1450,"Begonia mannii","Herb","Open","Zygomorphic","All","Exposed","Weak-No","Vivid","Red","Absent",1.5245,0,NA,NA,0.00459615384615385,0.471349795801069,0.523061968904813,0.00558823529411765
"32","BEGMAN","WET",650,"Begonia mannii","Herb","Open","Zygomorphic","All","Exposed","Weak-No","Vivid","Red","Absent",1.5245,0,NA,NA,0.00459615384615385,0.471349795801069,0.523061968904813,0.00558823529411765
"33","BEGMAN","WET",1100,"Begonia mannii","Herb","Open","Zygomorphic","All","Exposed","Weak-No","Vivid","Red","Absent",1.5245,0,NA,NA,0.00459615384615385,0.471349795801069,0.523061968904813,0.00558823529411765
"34","BEGOXT","WET",1450,"Begonia oxyanthera","Herb","Open","Zygomorphic","Horizontal","Exposed","Weak-No","Drab","White","Present",1.3856,0,NA,NA,0.00094225,NA,NA,NA
"35","BEGOXT","WET",2250,"Begonia oxyanthera","Herb","Open","Zygomorphic","Horizontal","Exposed","Weak-No","Drab","White","Present",1.3856,0,NA,NA,0.00094225,NA,NA,NA
"36","BEGOXY","DRY",1100,"Begonia oxyloba","Herb","Open","Zygomorphic","Horizontal","Exposed","Weak-No","Vivid","Pink","Present",1.1908,0,NA,NA,0.000967204301075269,NA,NA,NA
"37","BEGOXY","DRY",1450,"Begonia oxyloba","Herb","Open","Zygomorphic","Horizontal","Exposed","Weak-No","Vivid","Pink","Present",1.1908,0,NA,NA,0.000967204301075269,NA,NA,NA
"38","BEGOXY","WET",1100,"Begonia oxyloba","Herb","Open","Zygomorphic","Horizontal","Exposed","Weak-No","Vivid","Pink","Present",1.1908,0,NA,NA,0.000967204301075269,NA,NA,NA
"39","BEGOXY","WET",1450,"Begonia oxyloba","Herb","Open","Zygomorphic","Horizontal","Exposed","Weak-No","Vivid","Pink","Present",1.1908,0,NA,NA,0.000967204301075269,NA,NA,NA
"40","BEGPOC","DRY",2250,"Begonia poculifera","Epiphyte","Open","Zygomorphic","Horizontal","Exposed","Weak-No","Vivid","White","Absent",2.6235,0,NA,NA,0.00125555555555556,NA,NA,NA
"41","BEGPOC","WET",1450,"Begonia poculifera","Epiphyte","Open","Zygomorphic","Horizontal","Exposed","Weak-No","Vivid","White","Absent",2.6235,0,NA,NA,0.00125555555555556,NA,NA,NA
"42","BEGPOC","WET",2250,"Begonia poculifera","Epiphyte","Open","Zygomorphic","Horizontal","Exposed","Weak-No","Vivid","White","Absent",2.6235,0,NA,NA,0.00125555555555556,NA,NA,NA
"43","BEGSCU","DRY",650,"Begonia scutifolia","Herb","Open","Zygomorphic","Horizontal","Exposed","Weak-No","Vivid","Yellow","Present",1.16942857142857,0,NA,NA,0.00896923076923077,0.277946668982889,0.205105098584209,0.516948232432902
"44","BEGSCU","WET",650,"Begonia scutifolia","Herb","Open","Zygomorphic","Horizontal","Exposed","Weak-No","Vivid","Yellow","Present",1.16942857142857,0,NA,NA,0.00896923076923077,0.277946668982889,0.205105098584209,0.516948232432902
"45","BEGSCU","WET",1100,"Begonia scutifolia","Herb","Open","Zygomorphic","Horizontal","Exposed","Weak-No","Vivid","Yellow","Present",1.16942857142857,0,NA,NA,0.00896923076923077,0.277946668982889,0.205105098584209,0.516948232432902
"46","BERRAC","WET",650,"Bertiera racemosa","Shrub","Tube","Actinomorphic","Horizontal","Hidden","Weak-No","Vivid","White","Absent",0.655333333333333,2.07266666666667,2.73026315789474,18.4333333333333,0.62828920252193,0.451425691357304,0.307457139323934,0.241117169318762
"47","BRIOWA","DRY",1100,"Brillantaisia owariensis","Herb","Labiate","Zygomorphic","Horizontal","Exposed","Strong ","Vivid","Purple","Present",2.9276,1.0362,3.59824561403509,30.332,1.36185505081798,0.196739136155023,0.233855835839328,0.569405028005649
"48","BRIOWA","DRY",1450,"Brillantaisia owariensis","Herb","Labiate","Zygomorphic","Horizontal","Exposed","Strong ","Vivid","Purple","Present",2.9276,1.0362,3.59824561403509,30.332,1.36185505081798,0.196739136155023,0.233855835839328,0.569405028005649
"49","BRISPE","DRY",1450,"Bridelia speciosa","Tree","Open","Actinomorphic","All","Exposed","Weak-No","Drab","Green","Absent",0.542,0,NA,NA,NA,NA,NA,NA
"50","BULINT","WET",1450,"Bulbophyllum intertextum","Epiphyte","Bowl","Zygomorphic","Upright","Exposed","Weak-No","Drab","Green","Absent",0.5726,0,NA,NA,0.00178888888888889,NA,NA,NA
"51","CALACU","DRY",650,"Calochone acuminata","Climber","Trumpet","Actinomorphic","Horizontal","Partially exposed","Weak-No","Vivid","Orange","Present",7.74,4.2888,39.25,20.75,8.74274341125,0.132013058297268,0.657499345839299,0.210487595863433
"52","CALSYL","WET",1100,"Calanthe sylvatica","Herb","Funnel","Zygomorphic","Horizontal","Exposed","Weak-No","Vivid","Purple","Absent",2.10577,2.2196,0.475328947368421,1.8,0.00572322838541667,NA,NA,NA
"53","CAMFLA","DRY",650,"Gomphia flava","Shrub","Stellate","Actinomorphic","All","Exposed","Weak-No","Vivid","Yellow","Absent",2.0406,0,NA,NA,0.00419479166666667,0.543863593463593,0.430188546988547,0.0259478595478596
"54","CAMFLA","DRY",1100,"Gomphia flava","Shrub","Stellate","Actinomorphic","All","Exposed","Weak-No","Vivid","Yellow","Absent",2.0406,0,NA,NA,0.00419479166666667,0.543863593463593,0.430188546988547,0.0259478595478596
"55","CAMMAN","DRY",650,"Gomphia mannii","Shrub","Dish","Actinomorphic","Horizontal","Exposed","Weak-No","Drab","Yellow","Present",1.6892,0,NA,NA,0.00535,0.509259259259259,0.453703703703704,0.037037037037037
"56","CHALAI","WET",1450,"Chassalia laikomensis","Shrub","Bell","Actinomorphic","All","Exposed","Strong ","Vivid","White","Absent",0.832285714285714,0.743142857142857,1.25796261487051,9.78333333333333,0.102455888964599,0.329657815538288,0.258794847582347,0.411547336879365
"57","CHALAI","WET",2250,"Chassalia laikomensis","Shrub","Bell","Actinomorphic","All","Exposed","Strong ","Vivid","White","Absent",0.832285714285714,0.743142857142857,1.25796261487051,9.78333333333333,0.102455888964599,0.329657815538288,0.258794847582347,0.411547336879365
"58","CHASCI","DRY",1100,"Chazaliella sciadephora","Shrub","Bell","Actinomorphic","All","Exposed","Weak-No","Drab","White","Absent",0.478714285714286,0.243571428571429,NA,NA,NA,NA,NA,NA
"59","CHASCI","WET",650,"Chazaliella sciadephora","Shrub","Bell","Actinomorphic","All","Exposed","Weak-No","Drab","White","Absent",0.478714285714286,0.243571428571429,NA,NA,NA,NA,NA,NA
"60","CHLCOM","DRY",650,"Chlorophytum comosum","Herb","Stellate","Actinomorphic","All","Exposed","Weak-No","Drab","White","Absent",0.6308,0,NA,NA,0.0146571428571429,0.494618040958154,0.503431237106125,0.00195072193572185
"61","CHLCOM","DRY",1100,"Chlorophytum comosum","Herb","Stellate","Actinomorphic","All","Exposed","Weak-No","Drab","White","Absent",0.6308,0,NA,NA,0.0146571428571429,0.494618040958154,0.503431237106125,0.00195072193572185
"62","CHLCOM","DRY",1450,"Chlorophytum comosum","Herb","Stellate","Actinomorphic","All","Exposed","Weak-No","Drab","White","Absent",0.6308,0,NA,NA,0.0146571428571429,0.494618040958154,0.503431237106125,0.00195072193572185
"63","CHLCOM","WET",650,"Chlorophytum comosum","Herb","Stellate","Actinomorphic","All","Exposed","Weak-No","Drab","White","Absent",0.6308,0,NA,NA,0.0146571428571429,0.494618040958154,0.503431237106125,0.00195072193572185
"64","CHLCOM","WET",1450,"Chlorophytum comosum","Herb","Stellate","Actinomorphic","All","Exposed","Weak-No","Drab","White","Absent",0.6308,0,NA,NA,0.0146571428571429,0.494618040958154,0.503431237106125,0.00195072193572185
"65","CHYSP1","DRY",1100,"Chytranthus sp 1","Tree","Urceolate","Actinomorphic","All","Exposed","Weak-No","Drab","White","Absent",0.51,0,NA,NA,NA,NA,NA,NA
"66","CISORE","DRY",1100,"Cissus oreophila","Climber","Dish","Actinomorphic","Upright","Exposed","Strong ","Drab","White","Absent",0.268333333333333,0,NA,NA,0.00865,0.226495726495727,0.243589743589744,0.52991452991453
"67","CLESIL","WET",650,"Clerodendrum silvanum","Climber","Salverform","Actinomorphic","All","Exposed","Strong ","Vivid","White","Absent",1.3895,1.2433,2.42804276315789,10.96,0.226295401234858,0.204357915056633,0.142315574211049,0.653326510732317
"68","CLESIL","WET",1450,"Clerodendrum silvanum","Climber","Salverform","Actinomorphic","All","Exposed","Strong ","Vivid","White","Absent",1.3895,1.2433,2.42804276315789,10.96,0.226295401234858,0.204357915056633,0.142315574211049,0.653326510732317
"69","CLESIM","DRY",1450,"Clematis simensis","Climber","Open","Actinomorphic","All","Exposed","Weak-No","Vivid","White","Absent",2.502,0,NA,NA,0.003915,0.145381858285084,0.0734383895674218,0.781179752147494
"70","CLESPL","DRY",650,"Clerodendrum splendens","Climber","Salverform","Actinomorphic","Upright","Exposed","Weak-No","Vivid","Red","Absent",3.127,2.641,NA,NA,NA,NA,NA,NA
"71","COLCAU","DRY",650,"Cola cauliflora","Shrub","Dish","Actinomorphic","All","Exposed","Weak-No","Drab","Red","Present",1.0018,0,NA,NA,0.0559041666666667,0.205936658382989,0.764599995668591,0.02946334594842
"72","COMCAM","WET",1450,"Commelina cameroonensis","Herb","Open","Zygomorphic","Horizontal","Exposed","Weak-No","Vivid","White","Absent",2.1683,0.4298,NA,NA,NA,NA,NA,NA
"73","COMDIF","WET",1450,"Commelina diffusa","Herb","Open","Zygomorphic","Horizontal","Exposed","Weak-No","Vivid","Blue","Absent",0.9418,0.4256,NA,NA,NA,NA,NA,NA
"74","COMSP1","DRY",650,"Commelinaceae sp 1","Herb","Open","Zygomorphic","Horizontal","Exposed","Weak-No","Drab","White","Absent",0.8326,0,NA,NA,0.0072,NA,NA,NA
"75","COMSP1","DRY",1100,"Commelinaceae sp 1","Herb","Open","Zygomorphic","Horizontal","Exposed","Weak-No","Drab","White","Absent",0.8326,0,NA,NA,0.0072,NA,NA,NA
"76","CORAUR","DRY",1100,"Cordia aurantiaca","Tree","Tube","Actinomorphic","All","Exposed","Strong ","Vivid","Yellow","Absent",2.2,0.9,3.9468,36.75,1.664802224085,0.0946961406580579,0.786970161231488,0.118333698110455
"77","COSDIN","WET",650,"Costus dinklagei","Herb","Tube","Zygomorphic","Horizontal","Hidden","Weak-No","Vivid","Pink","Present",3.769,3.04,NA,NA,NA,NA,NA,NA
"78","COSDUB","DRY",1100,"Costus dubius","Herb","Tube","Zygomorphic","Upright","Hidden","Strong ","Vivid","White","Present",3.1411,3.674,10.8728070175439,14.3166666666667,1.82266177427632,0.0758603325458263,0.152582181471493,0.771557485982681
"79","COSDUB","DRY",1450,"Costus dubius","Herb","Tube","Zygomorphic","Upright","Hidden","Strong ","Vivid","White","Present",3.1411,3.674,10.8728070175439,14.3166666666667,1.82266177427632,0.0758603325458263,0.152582181471493,0.771557485982681
"80","COSDUB","WET",1100,"Costus dubius","Herb","Tube","Zygomorphic","Upright","Hidden","Strong ","Vivid","White","Present",3.1411,3.674,10.8728070175439,14.3166666666667,1.82266177427632,0.0758603325458263,0.152582181471493,0.771557485982681
"81","COSENG","WET",650,"Paracostus englerianus","Herb","Tube","Zygomorphic","Horizontal","Hidden","Weak-No","Vivid","White","Present",2.248,3.99533333333333,4.11184210526316,1.15,0.0519790090460526,NA,NA,NA
"82","CRACRE","WET",1100,"Crassocephalum crepidioides","Herb","Tube","Actinomorphic","Upright","Exposed","Weak-No","Vivid","Pink","Absent",0.142,1.167,NA,NA,NA,NA,NA,NA
"83","CRAMON","DRY",1100,"Crassocephalum montuosum","Herb","Tube","Actinomorphic","All","Exposed","Strong ","Vivid","Orange","Absent",0.6139,0.7089,NA,NA,0.00259007092198582,0.275172073442006,0.360266632222594,0.3645612943354
"84","CRAMON","DRY",1450,"Crassocephalum montuosum","Herb","Tube","Actinomorphic","All","Exposed","Strong ","Vivid","Orange","Absent",0.6139,0.7089,NA,NA,0.00259007092198582,0.275172073442006,0.360266632222594,0.3645612943354
"85","CRAMON","WET",1100,"Crassocephalum montuosum","Herb","Tube","Actinomorphic","All","Exposed","Strong ","Vivid","Orange","Absent",0.6139,0.7089,NA,NA,0.00259007092198582,0.275172073442006,0.360266632222594,0.3645612943354
"86","CRAMON","WET",1450,"Crassocephalum montuosum","Herb","Tube","Actinomorphic","All","Exposed","Strong ","Vivid","Orange","Absent",0.6139,0.7089,NA,NA,0.00259007092198582,0.275172073442006,0.360266632222594,0.3645612943354
"87","CRAVIT","DRY",1450,"Crassocephalum vitellinum","Herb","Tube","Actinomorphic","Upright","Exposed","Weak-No","Vivid","Yellow","Absent",0.1256,1.1074,NA,NA,NA,NA,NA,NA
"88","CRAVIT","DRY",2250,"Crassocephalum vitellinum","Herb","Tube","Actinomorphic","Upright","Exposed","Weak-No","Vivid","Yellow","Absent",0.1256,1.1074,NA,NA,NA,NA,NA,NA
"89","CULMAN","DRY",650,"Culcasia mannii","Herb","Open","Actinomorphic","Horizontal","Exposed","Weak-No","Drab","White","Absent",0.3088,0,NA,NA,0.00629230769230769,0.331911333228278,0.552833494668438,0.115255172103284
"90","CULPAR","WET",650,"Culcasia parviflora","Climber","Open","Actinomorphic","Upright","Exposed","Weak-No","Vivid","White","Absent",1.09,0,NA,NA,NA,NA,NA,NA
"91","CUVLON","DRY",650,"Cuviera longiflora","Tree","Stellate","Actinomorphic","Upright","Exposed","Strong ","Vivid","Green","Present",4.147,0.6646,NA,NA,1.62733333333333,0.195215460582996,0.29435915369932,0.510425385717684
"92","CUVLON","DRY",1100,"Cuviera longiflora","Tree","Stellate","Actinomorphic","Upright","Exposed","Strong ","Vivid","Green","Present",4.147,0.6646,NA,NA,1.62733333333333,0.195215460582996,0.29435915369932,0.510425385717684
"93","CYNSP1","WET",1450,"Cynorkis sp 1","Epiphyte","Bowl","Actinomorphic","Horizontal","Hidden","Weak-No","Drab","White","Absent",0.383333333333333,0,NA,NA,NA,NA,NA,NA
"94","CYPMAN","DRY",1100,"Cyphostemma mannii","Climber","Open","Actinomorphic","Upright","Exposed","Weak-No","Drab","Green","Absent",0.4202,0,NA,NA,0.00237083333333333,0.252777777777778,0.0722222222222222,0.675
"95","CYPMAN","DRY",1450,"Cyphostemma mannii","Climber","Open","Actinomorphic","Upright","Exposed","Weak-No","Drab","Green","Absent",0.4202,0,NA,NA,0.00237083333333333,0.252777777777778,0.0722222222222222,0.675
"96","CYPMAN","WET",2250,"Cyphostemma mannii","Climber","Open","Actinomorphic","Upright","Exposed","Weak-No","Drab","Green","Absent",0.4202,0,NA,NA,0.00237083333333333,0.252777777777778,0.0722222222222222,0.675
"97","DEISP1","DRY",650,"Deinbollia sp 1","Shrub","Urceolate","Actinomorphic","All","Exposed","Weak-No","Drab","Green","Absent",0.2886,0,NA,NA,0.164492888888889,0.163789552795448,0.175461228151133,0.660749219053419
"98","DEISP1","DRY",1100,"Deinbollia sp 1","Shrub","Urceolate","Actinomorphic","All","Exposed","Weak-No","Drab","Green","Absent",0.2886,0,NA,NA,0.164492888888889,0.163789552795448,0.175461228151133,0.660749219053419
"99","DESREP","DRY",1450,"Hylodesmum repandum","Herb","Papilionaceous","Zygomorphic","Horizontal","Hidden","Weak-No","Vivid","Orange","Absent",1.3473,0.7536,NA,NA,0.0020875,NA,NA,NA
"100","DESREP","DRY",2250,"Hylodesmum repandum","Herb","Papilionaceous","Zygomorphic","Horizontal","Hidden","Weak-No","Vivid","Orange","Absent",1.3473,0.7536,NA,NA,0.0020875,NA,NA,NA
"101","DICVES","DRY",1450,"Dicranolepis vestita","Shrub","Salverform","Actinomorphic","Upright","Exposed","Strong ","Vivid","White","Absent",2.26983333333333,1.72983333333333,1.18536472760849,20.4307692307692,0.359766752386977,0.0277803099784249,0.0290034381406864,0.943216251880889
"102","DIOCUM","DRY",650,"Dioscoreophyllum cumminsii","Climber","Open","Actinomorphic","Horizontal","Exposed","Weak-No","Drab","Yellow","Absent",0.3216,0,NA,NA,0.00270700793650794,0.333217773940968,0.650238108411973,0.0165441176470588
"103","DIOCUM","DRY",1100,"Dioscoreophyllum cumminsii","Climber","Open","Actinomorphic","Horizontal","Exposed","Weak-No","Drab","Yellow","Absent",0.3216,0,NA,NA,0.00270700793650794,0.333217773940968,0.650238108411973,0.0165441176470588
"104","DIOCUM","WET",650,"Dioscoreophyllum cumminsii","Climber","Open","Actinomorphic","Horizontal","Exposed","Weak-No","Drab","Yellow","Absent",0.3216,0,NA,NA,0.00270700793650794,0.333217773940968,0.650238108411973,0.0165441176470588
"105","DIOSP1","DRY",650,"Diospyros preussii","Tree","Open","Actinomorphic","All","Exposed","Weak-No","Vivid","White","Absent",1.6096,0.28,18,20.5,0.272492216666667,0.467987045917738,0.434064109374174,0.0979488447080873
"106","DIOZEN","DRY",650,"Diogoa zenkeri","Tree","Open","Actinomorphic","All","Exposed","Weak-No","Drab","Yellow","Absent",0.683,0,NA,NA,NA,NA,NA,NA
"107","DISHEX","DRY",1100,"Discocloaxylon hexandrum","Tree","Open","Actinomorphic","Pendant","Exposed","Weak-No","Drab","Green","Absent",0.492,0,NA,NA,0.00448964285714286,0.0645566001772457,0.0535255686583649,0.881917831164389
"108","DISKAP","WET",2250,"Disperis kamerunensis purple","Herb","Gullet","Zygomorphic","Pendant","Exposed","Weak-No","Vivid","Purple","Present",1.1011,0.6766,1.31578947368421,NA,0.0117,0.312169312169312,0.186507936507937,0.501322751322751
"109","DISKAW","WET",1450,"Disperis kamerunensis white","Herb","Gullet","Zygomorphic","Pendant","Exposed","Weak-No","Vivid","White","Present",1.11583333333333,0.566,0.921052631578947,NA,0.00278181818181818,0.277274425555763,0.476228283205679,0.246497291238558
"110","DISKAW","WET",2250,"Disperis kamerunensis white","Herb","Gullet","Zygomorphic","Pendant","Exposed","Weak-No","Vivid","White","Present",1.11583333333333,0.566,0.921052631578947,NA,0.00278181818181818,0.277274425555763,0.476228283205679,0.246497291238558
"111","DISNIT","WET",2250,"Disperis nitida","Herb","Gullet","Zygomorphic","Upright","Exposed","Weak-No","Vivid","White","Present",1.4321,0,NA,NA,0.000133333333333333,NA,NA,NA
"112","DISPEN","DRY",2250,"Discopodium penninervium","Shrub","Bell","Actinomorphic","Horizontal","Partially exposed","Weak-No","Drab","Green","Absent",0.7508,0.3596,NA,NA,0.23872,0.372541693632118,0.392691922520945,0.234766383846937
"113","DISSP1","DRY",650,"Dischistocalyx sp 1","Herb","Tube","Actinomorphic","Upright","Hidden","Weak-No","Vivid","Purple","Present",1.9894,2.4218,4.77974828375286,15.2434782608696,0.655031683312247,0.305426788066689,0.180396514683555,0.514176697249756
"114","DISSP1","DRY",1100,"Dischistocalyx sp 1","Herb","Tube","Actinomorphic","Upright","Hidden","Weak-No","Vivid","Purple","Present",1.9894,2.4218,4.77974828375286,15.2434782608696,0.655031683312247,0.305426788066689,0.180396514683555,0.514176697249756
"115","DISSP1","WET",650,"Dischistocalyx sp 1","Herb","Tube","Actinomorphic","Upright","Hidden","Weak-No","Vivid","Purple","Present",1.9894,2.4218,4.77974828375286,15.2434782608696,0.655031683312247,0.305426788066689,0.180396514683555,0.514176697249756
"116","DISSP2","DRY",1100,"Dischistocalyx sp 2","Herb","Tube","Zygomorphic","Upright","Hidden","Weak-No","Vivid","Purple","Present",2.80066666666667,3.52466666666667,NA,NA,NA,NA,NA,NA
"117","DORMAN","DRY",650,"Dorstenia mannii","Herb","Open","Actinomorphic","Horizontal","Exposed","Weak-No","Drab","Green","Absent",5.5531,0,NA,NA,0.000325624432822842,0.507952419139268,0.472667735899492,0.0193798449612403
"118","DORMAN","WET",650,"Dorstenia mannii","Herb","Open","Actinomorphic","Horizontal","Exposed","Weak-No","Drab","Green","Absent",5.5531,0,NA,NA,0.000325624432822842,0.507952419139268,0.472667735899492,0.0193798449612403
"119","ECPGIG","DRY",1100,"Sabicea gigantostipula","Shrub","Tube","Actinomorphic","Upright","Hidden","Weak-No","Drab","White","Absent",0.504,2.59366666666667,NA,NA,NA,NA,NA,NA
"120","ENGGAB","DRY",1450,"Englerina gabonensis","Epiphyte","Tube","Zygomorphic","All","Exposed","Weak-No","Vivid","Red","Absent",1.87257142857143,2.94542857142857,10.6499202551834,10.1307692307692,1.55204887587298,0,0,0
"121","EULHOR","WET",1450,"Eulophia horsfalli","Herb","Gullet","Zygomorphic","Pendant","Exposed","Weak-No","Vivid","Purple","Present",3.958,0.681,0.986842105263158,45.3,0.539573945723684,NA,NA,NA
"122","EUPSCH","DRY",2250,"Euphorbia schimperiana","Herb","Dish","Actinomorphic","Upright","Exposed","Weak-No","Drab","Green","Absent",0.3024,0.211,NA,NA,0.000478571428571429,NA,NA,NA
"123","GALSIM","WET",1450,"Galium simense","Herb","Open","Actinomorphic","All","Exposed","Weak-No","Drab","Green","Absent",0.2978,0,NA,NA,0.00177916666666667,NA,NA,NA
"124","GLOLON","DRY",650,"Glossocalyx longicuspis","Tree","Open","Zygomorphic","Pendant","Hidden","Strong ","Drab","White","Absent",2.2665,0.5325,NA,NA,NA,NA,NA,NA
"125","GRELIA","DRY",1100,"Prionostemma fimbriatum","Climber","Open","Actinomorphic","Upright","Exposed","Weak-No","Drab","Green","Absent",1.004,0,NA,NA,0.0034,NA,NA,NA
"126","HABAMO","WET",2250,"Habenaria amoena","Herb","Gullet","Zygomorphic","Horizontal","Exposed","Weak-No","Drab","Green","Absent",1.47933333333333,1.17866666666667,0.234962406015038,9,0.0184710487155388,0.360423394330822,0.135693782356861,0.503882823312317
"127","HABMIC","WET",2250,"Habenaria microceras","Herb","Gullet","Zygomorphic","Horizontal","Hidden","Weak-No","Drab","Green","Absent",0.2881,0.1458,NA,NA,6.09337044534413e-05,NA,NA,NA
"128","HABPRO","WET",650,"Habenaria procera","Herb","Gullet","Zygomorphic","Horizontal","Exposed","Weak-No","Vivid","White","Absent",2.075,1.54,4.17763157894737,16.25,0.712826915953947,0.0311491786901623,0.041264746182779,0.927586075127059
"129","HABSPW","WET",1450,"Habenaria sp white","Epiphyte","Open","Zygomorphic","Pendant","Hidden","Weak-No","Drab","White","Absent",0.3435,0,NA,NA,NA,NA,NA,NA
"130","HECSTA","DRY",650,"Heckeldora staudtii","Shrub","Dish","Actinomorphic","Upright","Exposed","Weak-No","Vivid","Pink","Absent",0.8628,0.5196,NA,NA,0.04775625,0.119288470604403,0.209567622511747,0.671143906883851
"131","HEICRI","DRY",650,"Heinsia crinita","Tree","Salverform","Actinomorphic","All","Exposed","Strong ","Vivid","White","Present",6.01328571428571,2.52442857142857,1.85507557894737,21.3,0.18122864160265,0.17291402658126,0.358954602040469,0.468131371378271
"132","HYPTRI","DRY",1450,"Hypoestes triflora","Herb","Trumpet","Zygomorphic","Horizontal","Exposed","Weak-No","Vivid","White","Absent",1.2425,0.6914,0.763321312784336,20.4611111111111,0.207567271677632,0.413951018059288,0.260044218068893,0.326004763871819
"133","HYPTRI","DRY",2250,"Hypoestes triflora","Herb","Trumpet","Zygomorphic","Horizontal","Exposed","Weak-No","Vivid","White","Absent",1.2425,0.6914,0.763321312784336,20.4611111111111,0.207567271677632,0.413951018059288,0.260044218068893,0.326004763871819
"134","ILEMIT","DRY",2250,"Ilex mitis","Tree","Open","Actinomorphic","All","Exposed","Strong ","Drab","White","Absent",0.6492,0.1892,0.0822368421052631,37.9,0.0685407274876645,0.225622387568267,0.285947866814918,0.488429745616815
"135","IMPBUR","DRY",1450,"Impatiens burtonii","Herb","Gullet","Zygomorphic","Horizontal","Partially exposed","Weak-No","Vivid","Pink","Present",2.9129,1.0358,0.81062030075188,29.68,0.326933730035425,0.141213973128117,0.0758360493632099,0.782949977508674
"136","IMPBUR","WET",1450,"Impatiens burtonii","Herb","Gullet","Zygomorphic","Horizontal","Partially exposed","Weak-No","Vivid","Pink","Present",2.9129,1.0358,0.81062030075188,29.68,0.326933730035425,0.141213973128117,0.0758360493632099,0.782949977508674
"137","IMPETI","WET",1100,"Impatiens etindensis","Epiphyte","Gullet","Zygomorphic","Horizontal","Exposed","Weak-No","Vivid","Red","Present",2.027,1.84814285714286,6.18894736842105,16.7,1.1515535225,0,0,0
"138","IMPETI","WET",1450,"Impatiens etindensis","Epiphyte","Gullet","Zygomorphic","Horizontal","Exposed","Weak-No","Vivid","Red","Present",2.027,1.84814285714286,6.18894736842105,16.7,1.1515535225,0,0,0
"139","IMPFRI","WET",1100,"Impatiens frithii","Epiphyte","Gullet","Zygomorphic","Horizontal","Exposed","Weak-No","Vivid","Red","Absent",1.6173,2.5836,5.27412280701754,16.12,0.957266116566986,0.072284790466165,0.078060888550441,0.849654320983394
"140","IMPHIA","WET",650,"Impatiens hians","Herb","Gullet","Zygomorphic","Horizontal","Exposed","Weak-No","Vivid","Red","Absent",2.95138888888889,3.57377777777778,7.40359082229383,16.6785714285714,1.61312530790537,0.0171988358770979,0.0293698735923644,0.953431290530538
"141","IMPHIA","WET",1100,"Impatiens hians","Herb","Gullet","Zygomorphic","Horizontal","Exposed","Weak-No","Vivid","Red","Absent",2.95138888888889,3.57377777777778,7.40359082229383,16.6785714285714,1.61312530790537,0.0171988358770979,0.0293698735923644,0.953431290530538
"142","IMPMAC","DRY",650,"Impatiens macroptera","Herb","Gullet","Zygomorphic","Horizontal","Exposed","Weak-No","Vivid","Pink","Absent",2.6141,1.4807,3.09817077415762,22.8096153846154,0.754631156051416,0.0689023769761184,0.0490237665870517,0.88207385643683
"143","IMPMAC","WET",650,"Impatiens macroptera","Herb","Gullet","Zygomorphic","Horizontal","Exposed","Weak-No","Vivid","Pink","Absent",2.6141,1.4807,3.09817077415762,22.8096153846154,0.754631156051416,0.0689023769761184,0.0490237665870517,0.88207385643683
"144","IMPMAC","WET",1100,"Impatiens macroptera","Herb","Gullet","Zygomorphic","Horizontal","Exposed","Weak-No","Vivid","Pink","Absent",2.6141,1.4807,3.09817077415762,22.8096153846154,0.754631156051416,0.0689023769761184,0.0490237665870517,0.88207385643683
"145","IMPMAN","DRY",1450,"Impatiens mannii","Herb","Gullet","Zygomorphic","Horizontal","Partially exposed","Weak-No","Vivid","White","Present",2.27125,1.0241,0.646929824561403,33.05,0.0521780470394737,0.209529361268593,0.150904873576115,0.639565765155292
"146","IMPMAN","WET",1100,"Impatiens mannii","Herb","Gullet","Zygomorphic","Horizontal","Partially exposed","Weak-No","Vivid","White","Present",2.27125,1.0241,0.646929824561403,33.05,0.0521780470394737,0.209529361268593,0.150904873576115,0.639565765155292
"147","IMPMAN","WET",1450,"Impatiens mannii","Herb","Gullet","Zygomorphic","Horizontal","Partially exposed","Weak-No","Vivid","White","Present",2.27125,1.0241,0.646929824561403,33.05,0.0521780470394737,0.209529361268593,0.150904873576115,0.639565765155292
"148","IMPNIA","DRY",650,"Impatiens niamniamensis","Epiphyte","Gullet","Zygomorphic","Horizontal","Exposed","Weak-No","Vivid","Red","Absent",2.0146,2.1059,9.75907029478458,15.9861111111111,1.74866011202379,0.0879124630119193,0.0916280907336737,0.820459446254407
"149","IMPNIA","DRY",1450,"Impatiens niamniamensis","Epiphyte","Gullet","Zygomorphic","Horizontal","Exposed","Weak-No","Vivid","Red","Absent",2.0146,2.1059,9.75907029478458,15.9861111111111,1.74866011202379,0.0879124630119193,0.0916280907336737,0.820459446254407
"150","IMPNIA","WET",650,"Impatiens niamniamensis","Epiphyte","Gullet","Zygomorphic","Horizontal","Exposed","Weak-No","Vivid","Red","Absent",2.0146,2.1059,9.75907029478458,15.9861111111111,1.74866011202379,0.0879124630119193,0.0916280907336737,0.820459446254407
"151","IMPNIA","WET",1100,"Impatiens niamniamensis","Epiphyte","Gullet","Zygomorphic","Horizontal","Exposed","Weak-No","Vivid","Red","Absent",2.0146,2.1059,9.75907029478458,15.9861111111111,1.74866011202379,0.0879124630119193,0.0916280907336737,0.820459446254407
"152","IMPNIA","WET",1450,"Impatiens niamniamensis","Epiphyte","Gullet","Zygomorphic","Horizontal","Exposed","Weak-No","Vivid","Red","Absent",2.0146,2.1059,9.75907029478458,15.9861111111111,1.74866011202379,0.0879124630119193,0.0916280907336737,0.820459446254407
"153","IMPSAK","WET",2250,"Impatiens sakeriana","Herb","Gullet","Zygomorphic","Horizontal","Exposed","Weak-No","Vivid","Red","Present",1.40557142857143,1.817,14.7452297410192,22.4133333333333,3.9033436156533,0.090167451195188,0.0959408222180067,0.813891726586805
"154","ISOGLA","WET",1450,"Isoglossa glandulifera","Herb","Tube","Zygomorphic","All","Partially exposed","Weak-No","Vivid","White","Absent",1.808,1.229375,0.776450931249693,6.5,0.0246500257924641,0.0916987540629835,0.136863538508457,0.77143770742856
"155","ISOGLA","WET",2250,"Isoglossa glandulifera","Herb","Tube","Zygomorphic","All","Partially exposed","Weak-No","Vivid","White","Absent",1.808,1.229375,0.776450931249693,6.5,0.0246500257924641,0.0916987540629835,0.136863538508457,0.77143770742856
"156","ISORAM","DRY",1450,"Isodon ramosissimus","Herb","Salverform","Zygomorphic","All","Exposed","Weak-No","Vivid","White","Present",0.5858,0.1942,0.603801169590643,16.2153846153846,0.100832855132422,0.262818371817005,0.169124996557788,0.568056631625207
"157","IXOFOL","DRY",2250,"Ixora foliosa","Tree","Salverform","Actinomorphic","All","Exposed","Strong ","Drab","White","Absent",1.2332,1.2582,0.607456140350877,14.0857142857143,0.120680649161967,0.0240270753217124,0.0298446828485438,0.946128241829744
"158","IXOGUI","DRY",650,"Ixora guineensis","Shrub","Salverform","Actinomorphic","All","Exposed","Strong ","Vivid","White","Absent",1.4318,1.3668,0.556555863342567,10.0375,0.0478230425801809,0.0969296585719886,0.134781489525975,0.768288851902036
"159","IXOGUI","WET",1450,"Ixora guineensis","Shrub","Salverform","Actinomorphic","All","Exposed","Strong ","Vivid","White","Absent",1.4318,1.3668,0.556555863342567,10.0375,0.0478230425801809,0.0969296585719886,0.134781489525975,0.768288851902036
"160","IXONEM","WET",650,"Ixora nematopoda","Shrub","Salverform","Actinomorphic","Pendant","Exposed","Strong ","Vivid","White","Absent",2.465,0.5805,NA,NA,NA,NA,NA,NA
"161","JUSLAX","WET",650,"Justicia laxa","Herb","Gullet","Zygomorphic","Horizontal","Exposed","Weak-No","Drab","White","Absent",0.8377,0.6152,3.23684210526316,16.12,0.549468154517544,0.569253092863858,0.427561568764078,0.00318533837206388
"162","JUSTRI","WET",650,"Justicia tristis","Herb","Gullet","Zygomorphic","Upright","Exposed","Weak-No","Drab","Red","Absent",0.582,0.406666666666667,NA,NA,NA,NA,NA,NA
"163","KEEMAN","DRY",1450,"Keetia mannii","Climber","Salverform","Actinomorphic","Horizontal","Exposed","Strong ","Vivid","White","Present",0.335,0.2645,NA,NA,NA,NA,NA,NA
"164","KIGAFR","DRY",1100,"Kigelia africana","Tree","Trumpet","Actinomorphic","Horizontal","Partially exposed","Weak-No","Vivid","Red","Present",7.4974,2.4106,49.6232769423559,16.625,11.000242189306,0.283196971120184,0.38264878679026,0.334154242089557
"165","KIGAFR","DRY",1450,"Kigelia africana","Tree","Trumpet","Actinomorphic","Horizontal","Partially exposed","Weak-No","Vivid","Red","Present",7.4974,2.4106,49.6232769423559,16.625,11.000242189306,0.283196971120184,0.38264878679026,0.334154242089557
"166","LACFER","DRY",650,"Laccodiscus ferrugineus","Shrub","Urceolate","Actinomorphic","All","Exposed","Weak-No","Drab","White","Absent",0.4436,0,NA,NA,0.123381578947368,0.235102344100022,0.297096316812559,0.46780133908742
"167","LANLAN","DRY",1100,"Landolphia landolphioides","Climber","Trumpet","Actinomorphic","Upright","Hidden","Strong ","Vivid","White","Present",3.6186,1.4482,NA,NA,NA,NA,NA,NA
"168","LEEGUI","WET",650,"Leea guineensis","Shrub","Bell","Actinomorphic","Upright","Exposed","Weak-No","Vivid","Orange","Absent",0.575,0.3765,6.31578947368421,13.45,0.835819321546053,0.0702550461586606,0.116726646847129,0.813018306994211
"169","LEEGUI","WET",1100,"Leea guineensis","Shrub","Bell","Actinomorphic","Upright","Exposed","Weak-No","Vivid","Orange","Absent",0.575,0.3765,6.31578947368421,13.45,0.835819321546053,0.0702550461586606,0.116726646847129,0.813018306994211
"170","LIPDEI","WET",2250,"Liparis deistelii","Epiphyte","Open","Zygomorphic","Upright","Exposed","Weak-No","Drab","Yellow","Absent",0.872625,0.667,0.164473684210526,NA,0,NA,NA,NA
"171","MAELAN","WET",2250,"Maesa lanceolata","Tree","Open","Actinomorphic","All","Exposed","Weak-No","Vivid","White","Absent",0.454428571428571,0.032,0.037593984962406,39.8,0.0045311057499518,0.0311723505019417,0.0366499922105831,0.932177657287475
"172","MAPMAC","DRY",1100,"Mapania macrantha","Herb","Open","Actinomorphic","Upright","Exposed","Strong ","Drab","White","Absent",7.3846,0,NA,NA,0.00618,0.290909090909091,0.236363636363636,0.472727272727273
"173","MARINS","DRY",650,"Chazaliella insidens ","Shrub","Salverform","Actinomorphic","Upright","Hidden","Weak-No","Vivid","Yellow","Absent",0.485,0.5225,NA,NA,NA,NA,NA,NA
"174","MASACU","DRY",650,"Massularia acuminata","Tree","Trumpet","Actinomorphic","Pendant","Exposed","Weak-No","Vivid","Red","Present",2.104,0.859,3.7280701754386,13.4,0.322697180263158,0.222414978194725,0.0158595547923514,0.761725467012924
"175","MELSCA","DRY",650,"Melanthera scandens","Climber","Tube","Actinomorphic","Upright","Exposed","Weak-No","Vivid","Orange","Absent",0.168,0.2417,NA,NA,0.00290481720525581,0.307619246814574,0.252389304213561,0.439991448971866
"176","MELSCA","DRY",1100,"Melanthera scandens","Climber","Tube","Actinomorphic","Upright","Exposed","Weak-No","Vivid","Orange","Absent",0.168,0.2417,NA,NA,0.00290481720525581,0.307619246814574,0.252389304213561,0.439991448971866
"177","MELSCA","DRY",1450,"Melanthera scandens","Climber","Tube","Actinomorphic","Upright","Exposed","Weak-No","Vivid","Orange","Absent",0.168,0.2417,NA,NA,0.00290481720525581,0.307619246814574,0.252389304213561,0.439991448971866
"178","MELSCA","WET",1100,"Melanthera scandens","Climber","Tube","Actinomorphic","Upright","Exposed","Weak-No","Vivid","Orange","Absent",0.168,0.2417,NA,NA,0.00290481720525581,0.307619246814574,0.252389304213561,0.439991448971866
"179","MELSCA","WET",1450,"Melanthera scandens","Climber","Tube","Actinomorphic","Upright","Exposed","Weak-No","Vivid","Orange","Absent",0.168,0.2417,NA,NA,0.00290481720525581,0.307619246814574,0.252389304213561,0.439991448971866
"180","MIKCOR","DRY",1100,"Mikania cordata","Climber","Bell","Actinomorphic","All","Exposed","Strong ","Vivid","White","Absent",0.2116,0.487,NA,NA,0.00386705037386856,0.15850076100282,0.423690332504144,0.417808906493036
"181","MOMFOE","DRY",1450,"Momordica foetida","Climber","Dish","Actinomorphic","Horizontal","Exposed","Weak-No","Vivid","Yellow","Present",1.6882,0.4618,NA,NA,0.0607666666666667,0.0528239156730603,0.0753305685156385,0.871845515811301
"182","MOMFOE","DRY",2250,"Momordica foetida","Climber","Dish","Actinomorphic","Horizontal","Exposed","Weak-No","Vivid","Yellow","Present",1.6882,0.4618,NA,NA,0.0607666666666667,0.0528239156730603,0.0753305685156385,0.871845515811301
"183","MOMFOE","WET",1450,"Momordica foetida","Climber","Dish","Actinomorphic","Horizontal","Exposed","Weak-No","Vivid","Yellow","Present",1.6882,0.4618,NA,NA,0.0607666666666667,0.0528239156730603,0.0753305685156385,0.871845515811301
"184","MOMFOE","WET",2250,"Momordica foetida","Climber","Dish","Actinomorphic","Horizontal","Exposed","Weak-No","Vivid","Yellow","Present",1.6882,0.4618,NA,NA,0.0607666666666667,0.0528239156730603,0.0753305685156385,0.871845515811301
"185","MONFOL","DRY",1100,"Monanthotaxis foliosa","Climber","Open","Actinomorphic","Upright","Exposed","Weak-No","Drab","Yellow","Absent",1.162,0,NA,NA,3e-04,NA,NA,NA
"186","MUSTEN","DRY",1100,"Mussaenda tenuiflora","Climber","Tube","Actinomorphic","Upright","Hidden","Weak-No","Vivid","Yellow","Present",1.13066666666667,2.91644444444444,4.79964114832536,20.02,1.25549835226608,0.0325858276224516,0.0300769971297471,0.937337175247801
"187","MUSTEN","DRY",1450,"Mussaenda tenuiflora","Climber","Tube","Actinomorphic","Upright","Hidden","Weak-No","Vivid","Yellow","Present",1.13066666666667,2.91644444444444,4.79964114832536,20.02,1.25549835226608,0.0325858276224516,0.0300769971297471,0.937337175247801
"188","MUSTEN","WET",1100,"Mussaenda tenuiflora","Climber","Tube","Actinomorphic","Upright","Hidden","Weak-No","Vivid","Yellow","Present",1.13066666666667,2.91644444444444,4.79964114832536,20.02,1.25549835226608,0.0325858276224516,0.0300769971297471,0.937337175247801
"189","NEPPOI","DRY",650,"Nephthytis poissonii","Herb","Open","Actinomorphic","Horizontal","Exposed","Weak-No","Drab","White","Absent",0.17525,0,NA,NA,0.00243076923076923,NA,NA,NA
"190","NEPPOI","WET",650,"Nephthytis poissonii","Herb","Open","Actinomorphic","Horizontal","Exposed","Weak-No","Drab","White","Absent",0.17525,0,NA,NA,0.00243076923076923,NA,NA,NA
"191","NUXCON","DRY",2250,"Nuxia congesta","Tree","Open","Actinomorphic","Upright","Exposed","Strong ","Drab","White","Absent",0.654857142857143,0.459714285714286,0.845261828814461,27.6944444444444,0.221416578510355,0.243903987089723,0.252106667467534,0.503989345442743
"192","ONCDEN","DRY",650,"Oncoba dentata","Shrub","Open","Actinomorphic","All","Exposed","Strong ","Vivid","White","Absent",1.952,0,NA,NA,0.00466153846153846,0.445376699324068,0.530430875167717,0.024192425508215
"193","ONCDEN","DRY",1100,"Oncoba dentata","Shrub","Open","Actinomorphic","All","Exposed","Strong ","Vivid","White","Absent",1.952,0,NA,NA,0.00466153846153846,0.445376699324068,0.530430875167717,0.024192425508215
"194","ONCLOP","DRY",1450,"Oncoba lophocarpa","Tree","Open","Actinomorphic","Horizontal","Exposed","Weak-No","Vivid","White","Absent",5.386,0,NA,NA,NA,NA,NA,NA
"195","ONCMAN","DRY",650,"Oncoba mannii","Tree","Open","Actinomorphic","Upright","Exposed","Strong ","Vivid","White","Absent",4.728,0,NA,NA,NA,NA,NA,NA
"196","PALBAR","DRY",650,"Palisota barteri","Herb","Open","Actinomorphic","Horizontal","Exposed","Weak-No","Drab","White","Absent",0.912285714285714,0,NA,NA,0.000891265154598488,0.290983606557377,0.245901639344262,0.463114754098361
"197","PALBAR","DRY",1100,"Palisota barteri","Herb","Open","Actinomorphic","Horizontal","Exposed","Weak-No","Drab","White","Absent",0.912285714285714,0,NA,NA,0.000891265154598488,0.290983606557377,0.245901639344262,0.463114754098361
"198","PALBAR","WET",650,"Palisota barteri","Herb","Open","Actinomorphic","Horizontal","Exposed","Weak-No","Drab","White","Absent",0.912285714285714,0,NA,NA,0.000891265154598488,0.290983606557377,0.245901639344262,0.463114754098361
"199","PARSET","DRY",1100,"Parapentas setigera","Herb","Bell","Actinomorphic","Upright","Hidden","Weak-No","Vivid","White","Absent",0.5702,0.243,NA,NA,NA,NA,NA,NA
"200","PARZEN","DRY",650,"Pararistolochia zenkeri","Climber","Trumpet","Actinomorphic","Horizontal","Hidden","Weak-No","Drab","Brown","Absent",5.1534,5.1604,NA,NA,0.0300925925925926,0.357854029908019,0.605812381414957,0.0363335886770245
"201","PARZEN","DRY",1100,"Pararistolochia zenkeri","Climber","Trumpet","Actinomorphic","Horizontal","Hidden","Weak-No","Drab","Brown","Absent",5.1534,5.1604,NA,NA,0.0300925925925926,0.357854029908019,0.605812381414957,0.0363335886770245
"202","PAVHOO","DRY",2250,"Pavetta hookeriana","Shrub","Salverform","Actinomorphic","Upright","Exposed","Weak-No","Vivid","White","Absent",1.0276,0.4274,0.832785087719298,26.93,0.271286217799426,0.310149657445616,0.35078144987297,0.339068892681414
"203","PAVNEU","DRY",650,"Pavetta neurocarpa","Shrub","Salverform","Actinomorphic","Upright","Exposed","Strong ","Vivid","White","Absent",2.3064,0.8162,0.769348967657238,23.6785714285714,0.185071148787455,0.235478733760999,0.184460342864213,0.580060923374788
"204","PAVRIG","DRY",650,"Pavetta rigida","Shrub","Salverform","Actinomorphic","Upright","Exposed","Weak-No","Vivid","White","Absent",2.5618,1.6306,4.47714681440443,12.3578947368421,0.562755545934326,0.268331560579496,0.280015291617567,0.451653147802938
"205","PAVRIG","DRY",1100,"Pavetta rigida","Shrub","Salverform","Actinomorphic","Upright","Exposed","Weak-No","Vivid","White","Absent",2.5618,1.6306,4.47714681440443,12.3578947368421,0.562755545934326,0.268331560579496,0.280015291617567,0.451653147802938
"206","PHRKAM","WET",650,"Phragmanthera kamerunensis","Epiphyte","Tube","Zygomorphic","Upright","Exposed","Weak-No","Vivid","Orange","Absent",0.925,7.46,NA,NA,NA,NA,NA,NA
"207","PIPCAP","WET",1100,"Piper capense","Shrub","Open","Actinomorphic","Horizontal","Exposed","Weak-No","Drab","White","Absent",0.0838,0,NA,NA,0.000165799645250312,NA,NA,NA
"208","PIPCAP","WET",1450,"Piper capense","Shrub","Open","Actinomorphic","Horizontal","Exposed","Weak-No","Drab","White","Absent",0.0838,0,NA,NA,0.000165799645250312,NA,NA,NA
"209","PIPCAP","WET",2250,"Piper capense","Shrub","Open","Actinomorphic","Horizontal","Exposed","Weak-No","Drab","White","Absent",0.0838,0,NA,NA,0.000165799645250312,NA,NA,NA
"210","PIPUMB","DRY",1100,"Piper umbellatum","Shrub","Open","Actinomorphic","Horizontal","Exposed","Weak-No","Drab","White","Absent",0.1002,0,NA,NA,0.000130888834990703,0.411214953271028,0.355140186915888,0.233644859813084
"211","PLEDEC","WET",650,"Plectranthus decurrens","Herb","Labiate","Zygomorphic","Horizontal","Hidden","Weak-No","Vivid","Yellow","Absent",0.8742,0.6996,0.783208020050125,17.8692307692308,0.105834123750953,0.207520561528162,0.046920155626089,0.745559282845749
"212","PLEDEC","WET",1100,"Plectranthus decurrens","Herb","Labiate","Zygomorphic","Horizontal","Hidden","Weak-No","Vivid","Yellow","Absent",0.8742,0.6996,0.783208020050125,17.8692307692308,0.105834123750953,0.207520561528162,0.046920155626089,0.745559282845749
"213","PLEGLA","DRY",1100,"Plectranthus glandulosus","Herb","Labiate","Zygomorphic","Horizontal","Hidden","Strong ","Vivid","Purple","Present",1.1963,0.5326,0.693713450292398,36.0153846153846,0.313473761458333,0.181621388202203,0.144327802351303,0.674050809446494
"214","PLEGLA","DRY",2250,"Plectranthus glandulosus","Herb","Labiate","Zygomorphic","Horizontal","Hidden","Strong ","Vivid","Purple","Present",1.1963,0.5326,0.693713450292398,36.0153846153846,0.313473761458333,0.181621388202203,0.144327802351303,0.674050809446494
"215","PLEKAM","DRY",1100,"Plectranthus kamerunensis","Herb","Labiate","Zygomorphic","Horizontal","Hidden","Weak-No","Vivid","Purple","Present",1.0456,0.4296,1.44517543859649,27.9888888888889,0.418830518662779,0.233103822733897,0.043952718277388,0.722943458988714
"216","PLEKAM","DRY",1450,"Plectranthus kamerunensis","Herb","Labiate","Zygomorphic","Horizontal","Hidden","Weak-No","Vivid","Purple","Present",1.0456,0.4296,1.44517543859649,27.9888888888889,0.418830518662779,0.233103822733897,0.043952718277388,0.722943458988714
"217","PLEKAM","WET",1450,"Plectranthus kamerunensis","Herb","Labiate","Zygomorphic","Horizontal","Hidden","Weak-No","Vivid","Purple","Present",1.0456,0.4296,1.44517543859649,27.9888888888889,0.418830518662779,0.233103822733897,0.043952718277388,0.722943458988714
"218","POLBIC","WET",1450,"Polystachia bicalcarata","Epiphyte","Gullet","Actinomorphic","Pendant","Exposed","Weak-No","Vivid","Pink","Present",0.6772,0.36,0.756578947368421,NA,0.000956410256410256,NA,NA,NA
"219","PREKAM","DRY",650,"Preussiella kamerunensis","Epiphyte","Dish","Actinomorphic","Upright","Partially exposed","Weak-No","Vivid","Pink","Absent",2.02314285714286,0,2.76315789473684,23,0.280846554111842,NA,NA,NA
"220","PREKAM","WET",650,"Preussiella kamerunensis","Epiphyte","Dish","Actinomorphic","Upright","Partially exposed","Weak-No","Vivid","Pink","Absent",2.02314285714286,0,2.76315789473684,23,0.280846554111842,NA,NA,NA
"221","PREKAM","WET",1450,"Preussiella kamerunensis","Epiphyte","Dish","Actinomorphic","Upright","Partially exposed","Weak-No","Vivid","Pink","Absent",2.02314285714286,0,2.76315789473684,23,0.280846554111842,NA,NA,NA
"222","PSYBIF","DRY",650,"Psychotria bifaria","Shrub","Bell","Actinomorphic","Upright","Exposed","Weak-No","Drab","White","Absent",0.4438,0.3884,NA,NA,0.0372983333333333,0.387938404051158,0.3925706639293,0.219490932019543
"223","PSYDUN","DRY",1450,"Psydrax dunlapii","Tree","Salverform","Actinomorphic","Upright","Exposed","Strong ","Vivid","Yellow","Present",0.5325,0.358,0.418640350877193,20.6454545454545,0.112499283213201,0.144556512593094,0.171603843969881,0.683839643437026
"224","PSYGLO","WET",650,"Psychotria globiceps","Shrub","Open","Actinomorphic","Upright","Exposed","Weak-No","Drab","White","Absent",0.3675,0.176,NA,NA,NA,NA,NA,NA
"225","PSYLEP","DRY",1100,"Psychotria leptophylla","Shrub","Bell","Actinomorphic","Upright","Exposed","Weak-No","Drab","White","Absent",0.2982,0.1862,NA,NA,0.0931625,0.345579636475736,0.338192380815533,0.316227982708731
"226","PSYLEP","WET",650,"Psychotria leptophylla","Shrub","Bell","Actinomorphic","Upright","Exposed","Weak-No","Drab","White","Absent",0.2982,0.1862,NA,NA,0.0931625,0.345579636475736,0.338192380815533,0.316227982708731
"227","PSYMAN","DRY",650,"Psychotria mannii","Shrub","Bell","Actinomorphic","Upright","Partially exposed","Weak-No","Drab","White","Absent",0.3136,0.1342,NA,NA,0.115757638888889,0.378625567094326,0.350727030272634,0.27064740263304
"228","PSYPED","WET",2250,"Psychotria peduncularis","Shrub","Tube","Actinomorphic","Pendant","Exposed","Weak-No","Drab","White","Absent",0.528833333333333,0.824,2.76534314180513,14.9823529411765,0.369128442594032,0.160287324993908,0.172666395728676,0.667046279277417
"229","PSYTHO","WET",650,"Psychotria thonneri","Shrub","Tube","Actinomorphic","Pendant","Exposed","Weak-No","Drab","White","Absent",0.5028,1.1736,1.18421052631579,4.46666666666667,0.0946043338580827,0.114278271490668,0.0777271805105332,0.807994547998799
"230","PSYTHO","WET",1100,"Psychotria thonneri","Shrub","Tube","Actinomorphic","Pendant","Exposed","Weak-No","Drab","White","Absent",0.5028,1.1736,1.18421052631579,4.46666666666667,0.0946043338580827,0.114278271490668,0.0777271805105332,0.807994547998799
"231","RHISPN","WET",2250,"Rhipidoglossum sp nov","Epiphyte","Gullet","Zygomorphic","Horizontal","Exposed","Strong ","Drab","White","Absent",1.2291,1.0668,1.74232456140351,2.275,0.0348483821546053,NA,NA,NA
"232","RUTSMI","DRY",1450,"Rutidea smithii","Climber","Open","Actinomorphic","Horizontal","Exposed","Strong ","Vivid","White","Present",0.426,0.492,NA,NA,NA,NA,NA,NA
"233","SABCAL","DRY",650,"Sabicea calycina","Climber","Tube","Actinomorphic","All","Partially exposed","Weak-No","Vivid","White","Present",0.6708,1.59933333333333,1.3886769005848,22.8071428571429,0.304224161677906,0.129678006581949,0.0986575429037125,0.771664450514339
"234","SABPIL","DRY",650,"Sabicea pilosa","Climber","Tube","Actinomorphic","Upright","Partially exposed","Weak-No","Vivid","White","Absent",0.6761,2.3245,8.39569627192982,17.3933333333333,1.65333680101909,0.170521606539767,0.149172780981549,0.680305612478684
"235","SABPIL","DRY",1100,"Sabicea pilosa","Climber","Tube","Actinomorphic","Upright","Partially exposed","Weak-No","Vivid","White","Absent",0.6761,2.3245,8.39569627192982,17.3933333333333,1.65333680101909,0.170521606539767,0.149172780981549,0.680305612478684
"236","SABPIL","WET",1100,"Sabicea pilosa","Climber","Tube","Actinomorphic","Upright","Partially exposed","Weak-No","Vivid","White","Absent",0.6761,2.3245,8.39569627192982,17.3933333333333,1.65333680101909,0.170521606539767,0.149172780981549,0.680305612478684
"237","SABVEN","DRY",1100,"Sabicea venosa","Climber","Tube","Actinomorphic","Horizontal","Partially exposed","Weak-No","Drab","White","Absent",0.456,0.872,NA,NA,NA,NA,NA,NA
"238","SCACIN","DRY",650,"Scadoxus cinnabarinus","Herb","Salverform","Actinomorphic","All","Exposed","Weak-No","Vivid","Orange","Absent",4.1598,0.7122,0.93,21.2,0.2112925032,0,0,0
"239","SCACIN","DRY",1100,"Scadoxus cinnabarinus","Herb","Salverform","Actinomorphic","All","Exposed","Weak-No","Vivid","Orange","Absent",4.1598,0.7122,0.93,21.2,0.2112925032,0,0,0
"240","SCHABY","DRY",2250,"Schefflera abyssinica","Tree","Open","Actinomorphic","All","Exposed","Weak-No","Drab","Green","Absent",0.728,0,1.54778613199666,16.5466666666667,0.260075114746084,0.473822007285927,0.515923845350917,0.0102541473631564
"241","SCHMAG","DRY",650,"Schumanniophyton magnificum","Tree","Trumpet","Actinomorphic","All","Partially exposed","Strong ","Vivid","White","Absent",4.254,8.884,NA,NA,NA,NA,NA,NA
"242","SCHMAG","DRY",1100,"Schumanniophyton magnificum","Tree","Trumpet","Actinomorphic","All","Partially exposed","Strong ","Vivid","White","Absent",4.254,8.884,NA,NA,NA,NA,NA,NA
"243","SCHMAN","WET",2250,"Schefflera mannii","Tree","Open","Actinomorphic","All","Exposed","Weak-No","Drab","Green","Absent",0.7255,0,0.22593984962406,22.94,0.0392521121938776,0.532518078965792,0.369870972552122,0.097610948482086
"244","SHEBIG","DRY",1100,"Sherbournia bignoniiflora","Climber","Bell","Actinomorphic","Pendant","Hidden","Weak-No","Vivid","White","Absent",4.888,4.56525,44.5,30.75,15.3304500625,0.0778565369936538,0.821907576430109,0.100235886576237
"245","SOLMAN","DRY",1450,"Solanecio mannii","Shrub","Tube","Actinomorphic","All","Exposed","Weak-No","Vivid","Yellow","Absent",0.2678,0.6144,NA,NA,0.00519759259259259,0.532690807355986,0.459731056494449,0.00757813614956472
"246","SOLMAN","DRY",2250,"Solanecio mannii","Shrub","Tube","Actinomorphic","All","Exposed","Weak-No","Vivid","Yellow","Absent",0.2678,0.6144,NA,NA,0.00519759259259259,0.532690807355986,0.459731056494449,0.00757813614956472
"247","SOLNIG","DRY",2250,"Solanum nigrum","Herb","Stellate","Actinomorphic","All","Exposed","Weak-No","Vivid","White","Present",1.0004,0.3304,NA,NA,0.00219122807017544,NA,NA,NA
"248","SOLNIG","WET",2250,"Solanum nigrum","Herb","Stellate","Actinomorphic","All","Exposed","Weak-No","Vivid","White","Present",1.0004,0.3304,NA,NA,0.00219122807017544,NA,NA,NA
"249","SOLSP1","WET",1100,"Plectranthus epilithicus","Herb","Gullet","Zygomorphic","Horizontal","Hidden","Weak-No","Vivid","Purple","Absent",0.44275,0.501,NA,NA,NA,NA,NA,NA
"250","SOLTER","DRY",650,"Solanum terminale subsp inconstans","Climber","Stellate","Actinomorphic","Upright","Exposed","Weak-No","Vivid","Purple","Absent",1.7255,0,NA,NA,0.000892857142857143,NA,NA,NA
"251","SOLTER","WET",650,"Solanum terminale subsp inconstans","Climber","Stellate","Actinomorphic","Upright","Exposed","Weak-No","Vivid","Purple","Absent",1.7255,0,NA,NA,0.000892857142857143,NA,NA,NA
"252","SOLTOR","WET",1450,"Solanum torvum","Herb","Stellate","Actinomorphic","All","Exposed","Weak-No","Vivid","White","Absent",1.458,0,NA,NA,4.375e-05,NA,NA,NA
"253","SOLTOR","WET",2250,"Solanum torvum","Herb","Stellate","Actinomorphic","All","Exposed","Weak-No","Vivid","White","Absent",1.458,0,NA,NA,4.375e-05,NA,NA,NA
"254","SPEPRI","WET",1450,"Spermacoce princeae","Herb","Funnel","Actinomorphic","All","Exposed","Weak-No","Vivid","White","Absent",1.4016,0.4076,0.512218045112782,11,0.0127594462719298,0.125209449106874,0.0769747328831894,0.797815818009937
"255","SPEPRI","WET",2250,"Spermacoce princeae","Herb","Funnel","Actinomorphic","All","Exposed","Weak-No","Vivid","White","Absent",1.4016,0.4076,0.512218045112782,11,0.0127594462719298,0.125209449106874,0.0769747328831894,0.797815818009937
"256","STAACU","DRY",1450,"Stachys aculeolata","Herb","Labiate","Zygomorphic","Horizontal","Exposed","Weak-No","Vivid","Purple","Present",0.4862,0.399,0.738304093567252,21.55,0.0585029477683179,0.226051686222731,0.163862593388248,0.610085720389022
"257","STAACU","WET",1450,"Stachys aculeolata","Herb","Labiate","Zygomorphic","Horizontal","Exposed","Weak-No","Vivid","Purple","Present",0.4862,0.399,0.738304093567252,21.55,0.0585029477683179,0.226051686222731,0.163862593388248,0.610085720389022
"258","STEABY","WET",2250,"Stephania abyssinica","Climber","Dish","Actinomorphic","Upright","Exposed","Weak-No","Drab","Red","Present",0.2482,0,NA,NA,3.10727813852814e-05,NA,NA,NA
"259","STEMAN","DRY",2250,"Stellaria mannii","Herb","Open","Actinomorphic","Upright","Exposed","Weak-No","Vivid","White","Absent",0.913,0,NA,NA,0.0266142857142857,0.427208780854234,0.219948774298177,0.352842444847588
"260","SYZSTA","DRY",2250,"Syzygium staudtii","Tree","Open","Actinomorphic","Horizontal","Exposed","Strong ","Vivid","White","Absent",1.157,0.274333333333333,3.34054688002057,27.6076923076923,1.13930925634046,0.358739514989515,0.452938909669679,0.188321575340806
"261","TABBRA","DRY",650,"Tabernaemontana brachyantha","Tree","Salverform","Actinomorphic","All","Hidden","Strong ","Vivid","White","Present",4.82757142857143,1.25957142857143,14.8428362573099,11.6,1.89452251535088,0.319829944506819,0.57369069120274,0.106479364290441
"262","TABBRA","DRY",1100,"Tabernaemontana brachyantha","Tree","Salverform","Actinomorphic","All","Hidden","Strong ","Vivid","White","Present",4.82757142857143,1.25957142857143,14.8428362573099,11.6,1.89452251535088,0.319829944506819,0.57369069120274,0.106479364290441
"263","TABCRA","DRY",650,"Tabernaemontana sp 1 ""crassa""","Climber","Salverform","Actinomorphic","All","Hidden","Strong ","Vivid","White","Absent",10.1633333333333,5.94533333333333,NA,NA,NA,NA,NA,NA
"264","TABVEN","DRY",1100,"Tabernaemontana ventricosa","Climber","Salverform","Actinomorphic","All","Hidden","Strong ","Vivid","White","Absent",3.64516666666667,1.22,4.65842636895268,20.2241379310345,1.1043479401467,0.223731084480659,0.306909168879215,0.469359746640126
"265","TABVEN","DRY",1450,"Tabernaemontana ventricosa","Tree","Salverform","Actinomorphic","All","Hidden","Strong ","Vivid","White","Absent",3.64516666666667,1.22,4.65842636895268,20.2241379310345,1.1043479401467,0.223731084480659,0.306909168879215,0.469359746640126
"266","THARHY","WET",1450,"Thalictrum rhynchocarpum","Herb","Open","Actinomorphic","Pendant","Exposed","Weak-No","Drab","Green","Absent",0.271,0,NA,NA,0.0002334375,NA,NA,NA
"267","THARHY","WET",2250,"Thalictrum rhynchocarpum","Herb","Open","Actinomorphic","Pendant","Exposed","Weak-No","Drab","Green","Absent",0.271,0,NA,NA,0.0002334375,NA,NA,NA
"268","THOSAN","DRY",1100,"Thonningia sanguinea","Herb","Bell","Actinomorphic","Upright","Hidden","Weak-No","Vivid","Red","Absent",4.06218181818182,0,347.692307692308,12.7384615384615,50.0997418057692,0,0,0
"269","THOSAN","WET",1100,"Thonningia sanguinea","Herb","Bell","Actinomorphic","Upright","Hidden","Weak-No","Vivid","Red","Absent",4.06218181818182,0,347.692307692308,12.7384615384615,50.0997418057692,0,0,0
"270","THOSAN","WET",1450,"Thonningia sanguinea","Herb","Bell","Actinomorphic","Upright","Hidden","Weak-No","Vivid","Red","Absent",4.06218181818182,0,347.692307692308,12.7384615384615,50.0997418057692,0,0,0
"271","THUFAS","DRY",1100,"Thunbergia fasciculata","Climber","Trumpet","Zygomorphic","Horizontal","Hidden","Weak-No","Vivid","Purple","Present",5.1468,4.5162,6.08552631578948,13.68,1.08987154694549,0.088584785680559,0.107232205074458,0.804183009244983
"272","THUFAS","WET",1100,"Thunbergia fasciculata","Climber","Trumpet","Zygomorphic","Horizontal","Hidden","Weak-No","Vivid","Purple","Present",5.1468,4.5162,6.08552631578948,13.68,1.08987154694549,0.088584785680559,0.107232205074458,0.804183009244983
"273","TRCSP1","DRY",1100,"Tricalysia sp 1","Shrub","Open","Actinomorphic","Upright","Exposed","Strong ","Drab","Green","Absent",0.9678,0,NA,NA,NA,NA,NA,NA
"274","TRIRUB","DRY",650,"Trichilia rubescens","Tree","Dish","Actinomorphic","Upright","Exposed","Moderate","(blank)","Green","Absent",1.005,0.2595,2.746614,20.7857142857143,0.363977829341526,0.178876224572672,0.501008154087619,0.320115621339708
"275","TRIRUB","DRY",1100,"Trichilia rubescens","Tree","Dish","Actinomorphic","Upright","Exposed","Moderate","(blank)","Green","Absent",1.005,0.2595,2.746614,20.7857142857143,0.363977829341526,0.178876224572672,0.501008154087619,0.320115621339708
"276","UTRMAN","WET",1450,"Utricularia mannii","Epiphyte","Open","Zygomorphic","Upright","Hidden","Weak-No","Vivid","Yellow","Present",1.9271,0.6938,NA,NA,0.00123076923076923,NA,NA,NA
"277","UTRMAN","WET",2250,"Utricularia mannii","Epiphyte","Open","Zygomorphic","Upright","Hidden","Weak-No","Vivid","Yellow","Present",1.9271,0.6938,NA,NA,0.00123076923076923,NA,NA,NA
"278","VERBIA","DRY",1450,"Distephanus biafrae","Herb","Tube","Actinomorphic","All","Exposed","Weak-No","Vivid","Purple","Absent",0.3572,0.7992,NA,NA,0.15468,0.427411179431343,0.365533923951282,0.207054896617374
"279","VERINS","DRY",2250,"Baccharoides calvoana","Shrub","Urceolate","Actinomorphic","All","Exposed","Weak-No","Vivid","Purple","Absent",2.9416,1.621,0.299047250479139,41.2214285714286,0.167799152113655,0.278990543015482,0.321777326639248,0.399232130345269
"280","VERMYR","DRY",2250,"Gymnanthemum myrianthum","Shrub","Tube","Actinomorphic","All","Exposed","Strong ","Vivid","White","Absent",0.371,0.633,NA,NA,NA,NA,NA,NA
"281","VIOABY","DRY",1450,"Viola abyssinica","Herb","Gullet","Zygomorphic","Pendant","Exposed","Weak-No","Vivid","Purple","Present",0.8316,0.4678,NA,NA,NA,NA,NA,NA
"282","VOAAFR","DRY",1100,"Voacanga africana","Tree","Salverform","Actinomorphic","All","Hidden","Weak-No","Vivid","White","Absent",1.7764,0.9176,8.12280701754386,14.7,1.23935547166667,0.0228898535783595,0.0272274349628121,0.949882711458829
"283","VOABRA","DRY",650,"Voacanga bracteata","Shrub","Salverform","Actinomorphic","Pendant","Hidden","Weak-No","Drab","Brown","Absent",1.404,1.4454,13.0051691729323,14.8071428571429,2.33886545617325,0.106475510450755,0.0891694250343181,0.804355064514927
"284","WHILIA","WET",650,"White liana sp 1","Climber","Open","Actinomorphic","Upright","Partially exposed","Strong ","Vivid","White","Absent",1.50266666666667,1.65333333333333,NA,NA,NA,NA,NA,NA
